vintage,building_type,size,climate,care,lca,lshp,kwh_bin,customer_count,pv_penetration,per_customer_gross_kwh,per_customer_net_kwh,per_pv_adopter_kwh
2025,master_mtr,allSize,hot_dry,allCare,allLca,allLshp,0_25pct,980,0.2799,3744.1,-2044.0,20677.4
2025,master_mtr,allSize,hot_dry,allCare,allLca,allLshp,25_50pct,922,0.1409,6392.4,3613.0,19727.6
2025,master_mtr,allSize,hot_dry,allCare,allLca,allLshp,50_75pct,1040,0.1232,13017.3,12379.2,5180.6
2025,master_mtr,allSize,hot_dry,allCare,allLca,allLshp,75_100pct,1032,0.2477,101806.9,82757.3,76917.8
2025,master_mtr,allSize,marine,Care,allLca,allLshp,0_100pct,929,0.1524,223311.8,222871.5,2888.2
2025,master_mtr,allSize,marine,nonCare,allLca,allLshp,0_50pct,6461,0.2205,3384.7,1652.8,7853.5
2025,master_mtr,allSize,marine,nonCare,allLca,allLshp,50_100pct,7888,0.1484,36002.0,34537.4,9870.2
2025,res_unknown,allSize,hot_dry,Care,Bay,allLshp,0_20pct,9865,0.4518,2983.6,-357.8,7395.7
2025,res_unknown,allSize,hot_dry,Care,Bay,allLshp,20_40pct,15634,0.072,3376.0,2981.3,5479.8
2025,res_unknown,allSize,hot_dry,Care,Bay,allLshp,40_60pct,15172,0.002,4937.8,4928.9,4539.4
2025,res_unknown,allSize,hot_dry,Care,Bay,allLshp,60_80pct,15176,0.0299,7131.2,6874.8,8582.4
2025,res_unknown,allSize,hot_dry,Care,Bay,allLshp,80_100pct,14369,0.0794,12250.1,11781.4,5906.7
2025,res_unknown,allSize,hot_dry,Care,Fresno,AllDay,0_50pct,2032,1.0,9715.4,-9442.9,19158.2
2025,res_unknown,allSize,hot_dry,Care,Fresno,AllDay,50_100pct,11711,1.0,10285.3,1351.6,8933.7
2025,res_unknown,allSize,hot_dry,Care,Fresno,DayEve,0_20pct,6680,0.7462,5343.7,-1209.3,8781.4
2025,res_unknown,allSize,hot_dry,Care,Fresno,DayEve,20_40pct,10191,0.1454,5486.3,4261.6,8425.0
2025,res_unknown,allSize,hot_dry,Care,Fresno,DayEve,40_60pct,10028,0.106,7271.8,6731.2,5099.1
2025,res_unknown,allSize,hot_dry,Care,Fresno,DayEve,60_80pct,10193,0.1174,9760.4,8741.1,8679.2
2025,res_unknown,allSize,hot_dry,Care,Fresno,DayEve,80_100pct,10259,0.1958,15639.7,13932.7,8719.0
2025,res_unknown,allSize,hot_dry,Care,Fresno,EarlyEve,0_20pct,12342,0.352,3290.2,820.2,7017.6
2025,res_unknown,allSize,hot_dry,Care,Fresno,EarlyEve,20_40pct,17007,0.1266,4798.8,3951.6,6694.2
2025,res_unknown,allSize,hot_dry,Care,Fresno,EarlyEve,40_60pct,16663,0.0568,6289.2,6001.3,5066.3
2025,res_unknown,allSize,hot_dry,Care,Fresno,EarlyEve,60_80pct,16812,0.0188,7954.6,7882.1,3852.6
2025,res_unknown,allSize,hot_dry,Care,Fresno,EarlyEve,80_100pct,16870,0.0172,11104.8,11007.1,5665.0
2025,res_unknown,allSize,hot_dry,Care,Fresno,Flat,0_50pct,1202,0.0,1254.5,1254.5,
2025,res_unknown,allSize,hot_dry,Care,Fresno,Flat,50_100pct,1194,0.0,9004.1,9004.1,
2025,res_unknown,allSize,hot_dry,Care,Fresno,FlatCool,0_20pct,3441,0.0036,1706.3,1660.5,12819.5
2025,res_unknown,allSize,hot_dry,Care,Fresno,FlatCool,20_40pct,3483,0.0,3810.3,3810.3,
2025,res_unknown,allSize,hot_dry,Care,Fresno,FlatCool,40_60pct,3562,0.0,5764.1,5764.1,
2025,res_unknown,allSize,hot_dry,Care,Fresno,FlatCool,60_80pct,3386,0.0,8053.6,8053.6,
2025,res_unknown,allSize,hot_dry,Care,Fresno,FlatCool,80_100pct,3403,0.0785,14708.0,14615.7,1176.3
2025,res_unknown,allSize,hot_dry,Care,Fresno,LateEve,0_20pct,10878,0.2267,3635.6,1794.1,8123.1
2025,res_unknown,allSize,hot_dry,Care,Fresno,LateEve,20_40pct,12152,0.0438,5480.6,5107.1,8533.5
2025,res_unknown,allSize,hot_dry,Care,Fresno,LateEve,40_60pct,11947,0.0558,7396.4,6827.0,10203.9
2025,res_unknown,allSize,hot_dry,Care,Fresno,LateEve,60_80pct,11732,0.0113,9158.0,9051.0,9474.9
2025,res_unknown,allSize,hot_dry,Care,Fresno,LateEve,80_100pct,11589,0.023,13586.4,13506.1,3485.2
2025,res_unknown,allSize,hot_dry,Care,Fresno,MrnEve,0_20pct,3716,0.2313,2810.7,1138.8,7228.4
2025,res_unknown,allSize,hot_dry,Care,Fresno,MrnEve,20_40pct,4007,0.0714,4298.3,3808.7,6853.5
2025,res_unknown,allSize,hot_dry,Care,Fresno,MrnEve,40_60pct,4090,0.0325,5857.4,5520.1,10378.5
2025,res_unknown,allSize,hot_dry,Care,Fresno,MrnEve,60_80pct,3859,0.0066,7998.4,7955.0,6584.6
2025,res_unknown,allSize,hot_dry,Care,Fresno,MrnEve,80_100pct,4064,0.0331,13887.5,13810.1,2335.5
2025,res_unknown,allSize,hot_dry,Care,Fresno,NiteFlat,0_100pct,1599,0.005,3890.3,3840.0,9960.5
2025,res_unknown,allSize,hot_dry,Care,Fresno,NitePeak,0_50pct,1347,0.1091,3574.2,3218.6,3259.0
2025,res_unknown,allSize,hot_dry,Care,Fresno,NitePeak,50_100pct,1403,0.0,11615.9,11615.9,
2025,res_unknown,allSize,hot_dry,Care,Kern,allLshp,0_20pct,11129,1.0,7017.4,-3786.2,10803.6
2025,res_unknown,allSize,hot_dry,Care,Kern,allLshp,20_40pct,16570,0.1525,5165.8,3651.7,9931.7
2025,res_unknown,allSize,hot_dry,Care,Kern,allLshp,40_60pct,16461,0.0724,6924.6,6320.9,8344.1
2025,res_unknown,allSize,hot_dry,Care,Kern,allLshp,60_80pct,15803,0.0343,8800.7,8533.9,7774.6
2025,res_unknown,allSize,hot_dry,Care,Kern,allLshp,80_100pct,15924,0.0087,12816.5,12737.7,9070.2
2025,res_unknown,allSize,hot_dry,Care,NoLCA,AllDay,0_100pct,6273,1.0,9348.0,-261.2,9609.2
2025,res_unknown,allSize,hot_dry,Care,NoLCA,DayEve,0_20pct,5612,0.6056,4529.6,-269.4,7924.7
2025,res_unknown,allSize,hot_dry,Care,NoLCA,DayEve,20_40pct,7153,0.216,5382.6,3837.0,7154.5
2025,res_unknown,allSize,hot_dry,Care,NoLCA,DayEve,40_60pct,6853,0.0771,7069.5,6353.9,9284.1
2025,res_unknown,allSize,hot_dry,Care,NoLCA,DayEve,60_80pct,7188,0.0371,9246.8,8939.9,8268.3
2025,res_unknown,allSize,hot_dry,Care,NoLCA,DayEve,80_100pct,6656,0.0399,15103.1,14692.8,10270.7
2025,res_unknown,allSize,hot_dry,Care,NoLCA,EarlyEve,0_20pct,7126,0.4911,3241.3,83.7,6429.3
2025,res_unknown,allSize,hot_dry,Care,NoLCA,EarlyEve,20_40pct,11835,0.0805,4130.5,3679.5,5600.6
2025,res_unknown,allSize,hot_dry,Care,NoLCA,EarlyEve,40_60pct,11389,0.0585,6041.5,5575.3,7970.7
2025,res_unknown,allSize,hot_dry,Care,NoLCA,EarlyEve,60_80pct,11262,0.0572,7642.5,7357.4,4988.2
2025,res_unknown,allSize,hot_dry,Care,NoLCA,EarlyEve,80_100pct,10692,0.0,11002.0,11002.0,
2025,res_unknown,allSize,hot_dry,Care,NoLCA,FlatCool,0_20pct,4232,0.0661,2107.9,1673.4,6575.2
2025,res_unknown,allSize,hot_dry,Care,NoLCA,FlatCool,20_40pct,4155,0.0,3981.6,3981.6,
2025,res_unknown,allSize,hot_dry,Care,NoLCA,FlatCool,40_60pct,4030,0.0,5772.6,5772.6,
2025,res_unknown,allSize,hot_dry,Care,NoLCA,FlatCool,60_80pct,4185,0.0,7805.1,7805.1,
2025,res_unknown,allSize,hot_dry,Care,NoLCA,FlatCool,80_100pct,3816,0.0695,13855.5,12831.9,14736.8
2025,res_unknown,allSize,hot_dry,Care,NoLCA,LateEve,0_20pct,6950,0.115,2753.7,1905.2,7376.0
2025,res_unknown,allSize,hot_dry,Care,NoLCA,LateEve,20_40pct,7608,0.0189,4812.2,4751.5,3215.6
2025,res_unknown,allSize,hot_dry,Care,NoLCA,LateEve,40_60pct,7511,0.0352,6818.9,6728.3,2571.3
2025,res_unknown,allSize,hot_dry,Care,NoLCA,LateEve,60_80pct,7095,0.019,9040.5,8822.9,11426.4
2025,res_unknown,allSize,hot_dry,Care,NoLCA,LateEve,80_100pct,6697,0.0219,14409.8,14332.6,3522.8
2025,res_unknown,allSize,hot_dry,Care,NoLCA,MrnEve,0_20pct,2839,0.116,2090.6,1621.4,4044.1
2025,res_unknown,allSize,hot_dry,Care,NoLCA,MrnEve,20_40pct,3131,0.0426,4041.2,3566.9,11121.4
2025,res_unknown,allSize,hot_dry,Care,NoLCA,MrnEve,40_60pct,3104,0.0017,6005.8,5989.9,9370.5
2025,res_unknown,allSize,hot_dry,Care,NoLCA,MrnEve,60_80pct,3224,0.0833,8664.6,7968.1,8361.2
2025,res_unknown,allSize,hot_dry,Care,NoLCA,MrnEve,80_100pct,2933,0.0898,14755.0,14192.7,6260.6
2025,res_unknown,allSize,hot_dry,Care,NoLCA,NiteFlat+Flat,0_25pct,1012,0.0,584.5,584.5,
2025,res_unknown,allSize,hot_dry,Care,NoLCA,NiteFlat+Flat,25_50pct,1044,0.1303,2738.2,2227.6,3918.0
2025,res_unknown,allSize,hot_dry,Care,NoLCA,NiteFlat+Flat,50_75pct,995,0.0,5237.9,5237.9,
2025,res_unknown,allSize,hot_dry,Care,NoLCA,NiteFlat+Flat,75_100pct,1049,0.1279,12100.7,11066.1,8087.4
2025,res_unknown,allSize,hot_dry,Care,NoLCA,NitePeak,0_100pct,1094,0.0153,6026.3,5854.8,11237.5
2025,res_unknown,allSize,hot_dry,Care,North,allLshp,0_25pct,125,0.7476,5829.0,-616.9,8622.5
2025,res_unknown,allSize,hot_dry,Care,North,allLshp,25_50pct,151,0.0187,5656.2,5479.4,9430.3
2025,res_unknown,allSize,hot_dry,Care,North,allLshp,50_75pct,145,0.0,7987.6,7987.6,
2025,res_unknown,allSize,hot_dry,Care,North,allLshp,75_100pct,110,0.0,12027.0,12027.0,
2025,res_unknown,allSize,hot_dry,Care,Sierra,allLshp,0_20pct,13953,0.4139,2977.5,-23.9,7250.6
2025,res_unknown,allSize,hot_dry,Care,Sierra,allLshp,20_40pct,21239,0.0841,4151.3,3610.4,6429.5
2025,res_unknown,allSize,hot_dry,Care,Sierra,allLshp,40_60pct,20904,0.0328,6246.3,5946.1,9155.7
2025,res_unknown,allSize,hot_dry,Care,Sierra,allLshp,60_80pct,20157,0.0402,8763.4,8450.2,7789.7
2025,res_unknown,allSize,hot_dry,Care,Sierra,allLshp,80_100pct,19652,0.0481,16247.8,15758.5,10171.8
2025,res_unknown,allSize,hot_dry,Care,Stockton,allLshp,0_20pct,9421,0.4185,2951.5,149.3,6695.5
2025,res_unknown,allSize,hot_dry,Care,Stockton,allLshp,20_40pct,14644,0.0917,4257.5,3579.2,7394.9
2025,res_unknown,allSize,hot_dry,Care,Stockton,allLshp,40_60pct,14637,0.0563,6180.4,5737.2,7867.6
2025,res_unknown,allSize,hot_dry,Care,Stockton,allLshp,60_80pct,14437,0.0557,8281.3,7893.1,6976.2
2025,res_unknown,allSize,hot_dry,Care,Stockton,allLshp,80_100pct,14067,0.0298,12938.7,12800.4,4639.9
2025,res_unknown,allSize,hot_dry,nonCare,Bay,AllDay,0_50pct,11933,1.0,9184.6,-7769.7,16954.3
2025,res_unknown,allSize,hot_dry,nonCare,Bay,AllDay,50_100pct,20392,0.9133,12989.7,4709.8,9065.8
2025,res_unknown,allSize,hot_dry,nonCare,Bay,DayEve,0_20pct,6149,1.0,9630.0,-7669.4,17299.4
2025,res_unknown,allSize,hot_dry,nonCare,Bay,DayEve,20_40pct,9893,0.8612,7585.1,-223.2,9066.3
2025,res_unknown,allSize,hot_dry,nonCare,Bay,DayEve,40_60pct,10303,0.3548,7921.6,4867.5,8609.0
2025,res_unknown,allSize,hot_dry,nonCare,Bay,DayEve,60_80pct,10873,0.1636,9664.2,8149.6,9255.5
2025,res_unknown,allSize,hot_dry,nonCare,Bay,DayEve,80_100pct,10381,0.0749,16431.7,15592.9,11204.4
2025,res_unknown,allSize,hot_dry,nonCare,Bay,EarlyEve,0_20pct,16646,1.0,6618.2,-5015.1,11633.2
2025,res_unknown,allSize,hot_dry,nonCare,Bay,EarlyEve,20_40pct,27117,0.3335,4185.6,1716.3,7404.4
2025,res_unknown,allSize,hot_dry,nonCare,Bay,EarlyEve,40_60pct,27074,0.1202,5269.2,4362.3,7545.3
2025,res_unknown,allSize,hot_dry,nonCare,Bay,EarlyEve,60_80pct,26575,0.0797,6977.8,6456.8,6533.2
2025,res_unknown,allSize,hot_dry,nonCare,Bay,EarlyEve,80_100pct,25372,0.0608,10470.4,9796.4,11080.4
2025,res_unknown,allSize,hot_dry,nonCare,Bay,FlatCool,0_20pct,6993,0.1662,2143.3,398.2,10499.0
2025,res_unknown,allSize,hot_dry,nonCare,Bay,FlatCool,20_40pct,7058,0.0532,3379.7,2721.9,12366.9
2025,res_unknown,allSize,hot_dry,nonCare,Bay,FlatCool,40_60pct,6786,0.0192,4908.1,4628.6,14581.2
2025,res_unknown,allSize,hot_dry,nonCare,Bay,FlatCool,60_80pct,6719,0.0619,7504.4,7116.2,6271.4
2025,res_unknown,allSize,hot_dry,nonCare,Bay,FlatCool,80_100pct,6598,0.0436,15226.0,14995.3,5294.6
2025,res_unknown,allSize,hot_dry,nonCare,Bay,LateEve,0_20pct,9769,0.7109,3913.3,-1102.7,7055.8
2025,res_unknown,allSize,hot_dry,nonCare,Bay,LateEve,20_40pct,12037,0.2058,4995.5,3550.7,7021.2
2025,res_unknown,allSize,hot_dry,nonCare,Bay,LateEve,40_60pct,11698,0.1414,7175.3,6222.6,6738.5
2025,res_unknown,allSize,hot_dry,nonCare,Bay,LateEve,60_80pct,10646,0.0968,10197.5,9354.0,8717.0
2025,res_unknown,allSize,hot_dry,nonCare,Bay,LateEve,80_100pct,9746,0.0914,17278.5,16637.3,7014.5
2025,res_unknown,allSize,hot_dry,nonCare,Bay,MrnEve,0_20pct,10102,0.887,4743.0,-1554.5,7099.5
2025,res_unknown,allSize,hot_dry,nonCare,Bay,MrnEve,20_40pct,12102,0.1899,4377.9,3260.6,5884.5
2025,res_unknown,allSize,hot_dry,nonCare,Bay,MrnEve,40_60pct,11889,0.0809,5985.8,5487.8,6152.6
2025,res_unknown,allSize,hot_dry,nonCare,Bay,MrnEve,60_80pct,12220,0.1466,8460.7,7266.6,8147.0
2025,res_unknown,allSize,hot_dry,nonCare,Bay,MrnEve,80_100pct,11841,0.1182,13714.0,12220.4,12633.6
2025,res_unknown,allSize,hot_dry,nonCare,Bay,NiteFlat+Flat,0_20pct,5206,0.0091,210.9,169.8,4500.0
2025,res_unknown,allSize,hot_dry,nonCare,Bay,NiteFlat+Flat,20_40pct,5356,0.0,419.3,419.3,
2025,res_unknown,allSize,hot_dry,nonCare,Bay,NiteFlat+Flat,40_60pct,5303,0.0246,1163.4,1078.4,3463.7
2025,res_unknown,allSize,hot_dry,nonCare,Bay,NiteFlat+Flat,60_80pct,4968,0.0,2137.6,2137.6,
2025,res_unknown,allSize,hot_dry,nonCare,Bay,NiteFlat+Flat,80_100pct,5106,0.0302,19026.4,18584.3,14641.5
2025,res_unknown,allSize,hot_dry,nonCare,Bay,NitePeak,0_20pct,3145,0.7677,8354.2,1285.7,9207.6
2025,res_unknown,allSize,hot_dry,nonCare,Bay,NitePeak,20_40pct,2758,0.5599,10013.0,5673.6,7750.7
2025,res_unknown,allSize,hot_dry,nonCare,Bay,NitePeak,40_60pct,1987,0.5245,13816.0,9585.1,8067.0
2025,res_unknown,allSize,hot_dry,nonCare,Bay,NitePeak,60_80pct,2024,0.3226,17843.8,14947.0,8978.5
2025,res_unknown,allSize,hot_dry,nonCare,Bay,NitePeak,80_100pct,1929,0.2928,27924.4,25178.7,9376.1
2025,res_unknown,allSize,hot_dry,nonCare,Fresno,AllDay,0_50pct,10599,1.0,11603.8,-11476.5,23080.3
2025,res_unknown,allSize,hot_dry,nonCare,Fresno,AllDay,50_100pct,16818,1.0,14062.9,-42.8,14105.7
2025,res_unknown,allSize,hot_dry,nonCare,Fresno,DayEve,0_20pct,7904,1.0,10726.6,-8207.5,18934.2
2025,res_unknown,allSize,hot_dry,nonCare,Fresno,DayEve,20_40pct,9896,1.0,9918.2,-1454.5,11372.7
2025,res_unknown,allSize,hot_dry,nonCare,Fresno,DayEve,40_60pct,9856,0.4965,9677.7,4119.6,11193.5
2025,res_unknown,allSize,hot_dry,nonCare,Fresno,DayEve,60_80pct,9901,0.2131,11109.8,8382.0,12797.6
2025,res_unknown,allSize,hot_dry,nonCare,Fresno,DayEve,80_100pct,9978,0.1737,17147.7,14783.3,13615.5
2025,res_unknown,allSize,hot_dry,nonCare,Fresno,EarlyEve,0_20pct,11796,1.0,5453.5,-4425.9,9879.4
2025,res_unknown,allSize,hot_dry,nonCare,Fresno,EarlyEve,20_40pct,15654,0.6087,5868.7,324.6,9108.3
2025,res_unknown,allSize,hot_dry,nonCare,Fresno,EarlyEve,40_60pct,15224,0.2051,6273.3,4574.6,8280.3
2025,res_unknown,allSize,hot_dry,nonCare,Fresno,EarlyEve,60_80pct,15654,0.0934,8037.8,7305.1,7847.6
2025,res_unknown,allSize,hot_dry,nonCare,Fresno,EarlyEve,80_100pct,15422,0.0567,11902.9,11313.6,10393.7
2025,res_unknown,allSize,hot_dry,nonCare,Fresno,Flat,0_20pct,2537,0.0,393.2,393.2,
2025,res_unknown,allSize,hot_dry,nonCare,Fresno,Flat,20_40pct,2613,0.0,1022.8,1022.8,
2025,res_unknown,allSize,hot_dry,nonCare,Fresno,Flat,40_60pct,2569,0.0,1590.0,1590.0,
2025,res_unknown,allSize,hot_dry,nonCare,Fresno,Flat,60_80pct,2641,0.0,2350.7,2350.7,
2025,res_unknown,allSize,hot_dry,nonCare,Fresno,Flat,80_100pct,2576,0.0,8169.1,8169.1,
2025,res_unknown,allSize,hot_dry,nonCare,Fresno,FlatCool,0_20pct,6224,0.0495,1367.0,771.2,12028.0
2025,res_unknown,allSize,hot_dry,nonCare,Fresno,FlatCool,20_40pct,6100,0.0429,3085.6,2780.5,7116.3
2025,res_unknown,allSize,hot_dry,nonCare,Fresno,FlatCool,40_60pct,5861,0.0736,5459.5,4620.1,11412.1
2025,res_unknown,allSize,hot_dry,nonCare,Fresno,FlatCool,60_80pct,6060,0.2341,9263.1,6662.3,11110.3
2025,res_unknown,allSize,hot_dry,nonCare,Fresno,FlatCool,80_100pct,6068,0.1331,17562.3,16045.3,11400.6
2025,res_unknown,allSize,hot_dry,nonCare,Fresno,LateEve,0_20pct,11239,0.3449,2457.6,-1208.2,10627.7
2025,res_unknown,allSize,hot_dry,nonCare,Fresno,LateEve,20_40pct,11654,0.37,5115.9,2157.0,7996.7
2025,res_unknown,allSize,hot_dry,nonCare,Fresno,LateEve,40_60pct,11168,0.2521,7876.8,5681.0,8711.3
2025,res_unknown,allSize,hot_dry,nonCare,Fresno,LateEve,60_80pct,11392,0.0803,10456.6,9811.0,8045.0
2025,res_unknown,allSize,hot_dry,nonCare,Fresno,LateEve,80_100pct,10551,0.1035,17641.1,16938.6,6787.4
2025,res_unknown,allSize,hot_dry,nonCare,Fresno,MrnEve,0_20pct,6732,1.0,8654.2,-4225.7,12879.9
2025,res_unknown,allSize,hot_dry,nonCare,Fresno,MrnEve,20_40pct,8046,0.2786,6056.2,3610.0,8780.2
2025,res_unknown,allSize,hot_dry,nonCare,Fresno,MrnEve,40_60pct,7906,0.2337,8469.0,6345.1,9089.4
2025,res_unknown,allSize,hot_dry,nonCare,Fresno,MrnEve,60_80pct,8357,0.1407,10894.7,9786.2,7878.8
2025,res_unknown,allSize,hot_dry,nonCare,Fresno,MrnEve,80_100pct,8029,0.1043,17537.7,16692.2,8108.8
2025,res_unknown,allSize,hot_dry,nonCare,Fresno,NiteFlat,0_20pct,2709,0.0455,277.4,15.3,5763.3
2025,res_unknown,allSize,hot_dry,nonCare,Fresno,NiteFlat,20_40pct,2613,0.0,483.4,483.4,
2025,res_unknown,allSize,hot_dry,nonCare,Fresno,NiteFlat,40_60pct,2677,0.0,1291.0,1291.0,
2025,res_unknown,allSize,hot_dry,nonCare,Fresno,NiteFlat,60_80pct,2701,0.0968,2910.2,2175.9,7584.4
2025,res_unknown,allSize,hot_dry,nonCare,Fresno,NiteFlat,80_100pct,2759,0.0915,9673.9,8356.3,14404.2
2025,res_unknown,allSize,hot_dry,nonCare,Fresno,NitePeak,0_20pct,1091,0.3347,4014.3,844.9,9469.0
2025,res_unknown,allSize,hot_dry,nonCare,Fresno,NitePeak,20_40pct,1030,0.2165,5511.2,3175.4,10787.3
2025,res_unknown,allSize,hot_dry,nonCare,Fresno,NitePeak,40_60pct,965,0.0895,8090.4,6869.3,13642.4
2025,res_unknown,allSize,hot_dry,nonCare,Fresno,NitePeak,60_80pct,901,0.1215,13720.9,12680.5,8564.7
2025,res_unknown,allSize,hot_dry,nonCare,Fresno,NitePeak,80_100pct,728,0.301,25948.0,20517.5,18042.2
2025,res_unknown,allSize,hot_dry,nonCare,Kern,AllDay,0_50pct,6509,1.0,12067.5,-11505.2,23572.7
2025,res_unknown,allSize,hot_dry,nonCare,Kern,AllDay,50_100pct,7177,1.0,14293.9,-1222.5,15516.4
2025,res_unknown,allSize,hot_dry,nonCare,Kern,DayEve,0_20pct,3674,1.0,11619.4,-9882.1,21501.6
2025,res_unknown,allSize,hot_dry,nonCare,Kern,DayEve,20_40pct,3791,1.0,11497.0,-3444.9,14941.9
2025,res_unknown,allSize,hot_dry,nonCare,Kern,DayEve,40_60pct,3925,0.4226,9792.3,4399.0,12761.5
2025,res_unknown,allSize,hot_dry,nonCare,Kern,DayEve,60_80pct,3865,0.2685,10973.1,8843.8,7931.9
2025,res_unknown,allSize,hot_dry,nonCare,Kern,DayEve,80_100pct,3900,0.1022,15237.5,14478.4,7424.3
2025,res_unknown,allSize,hot_dry,nonCare,Kern,EarlyEve,0_20pct,2747,1.0,9275.1,-8755.2,18030.2
2025,res_unknown,allSize,hot_dry,nonCare,Kern,EarlyEve,20_40pct,3089,0.5391,5864.7,87.4,10715.9
2025,res_unknown,allSize,hot_dry,nonCare,Kern,EarlyEve,40_60pct,2946,0.2248,6450.0,4462.1,8841.6
2025,res_unknown,allSize,hot_dry,nonCare,Kern,EarlyEve,60_80pct,2996,0.1733,7962.9,6652.7,7561.3
2025,res_unknown,allSize,hot_dry,nonCare,Kern,EarlyEve,80_100pct,2889,0.1363,11514.0,10760.1,5532.0
2025,res_unknown,allSize,hot_dry,nonCare,Kern,FlatCool,0_20pct,1861,0.1728,3106.9,398.7,15671.2
2025,res_unknown,allSize,hot_dry,nonCare,Kern,FlatCool,20_40pct,1819,0.0698,4713.5,4039.7,9656.8
2025,res_unknown,allSize,hot_dry,nonCare,Kern,FlatCool,40_60pct,1638,0.2275,7918.2,5929.1,8742.7
2025,res_unknown,allSize,hot_dry,nonCare,Kern,FlatCool,60_80pct,1796,0.0,9058.9,9058.9,
2025,res_unknown,allSize,hot_dry,nonCare,Kern,FlatCool,80_100pct,1868,0.2014,18814.2,15636.4,15780.2
2025,res_unknown,allSize,hot_dry,nonCare,Kern,LateEve,0_20pct,3031,1.0,6537.5,-4729.1,11266.7
2025,res_unknown,allSize,hot_dry,nonCare,Kern,LateEve,20_40pct,3147,0.4926,6817.9,2268.8,9234.4
2025,res_unknown,allSize,hot_dry,nonCare,Kern,LateEve,40_60pct,3284,0.1518,7194.6,6608.0,3863.4
2025,res_unknown,allSize,hot_dry,nonCare,Kern,LateEve,60_80pct,3021,0.096,10363.7,9420.9,9824.0
2025,res_unknown,allSize,hot_dry,nonCare,Kern,LateEve,80_100pct,2995,0.0645,14765.8,14411.8,5489.0
2025,res_unknown,allSize,hot_dry,nonCare,Kern,MrnEve,0_20pct,2415,1.0,7530.8,-2059.6,9590.4
2025,res_unknown,allSize,hot_dry,nonCare,Kern,MrnEve,20_40pct,2472,0.201,6724.2,5208.2,7542.0
2025,res_unknown,allSize,hot_dry,nonCare,Kern,MrnEve,40_60pct,2486,0.0,7789.3,7789.3,
2025,res_unknown,allSize,hot_dry,nonCare,Kern,MrnEve,60_80pct,2471,0.1005,10192.3,9547.5,6416.0
2025,res_unknown,allSize,hot_dry,nonCare,Kern,MrnEve,80_100pct,2344,0.053,16733.7,16206.7,9947.3
2025,res_unknown,allSize,hot_dry,nonCare,Kern,NiteFlat+Flat,0_20pct,1604,0.0,166.5,166.5,
2025,res_unknown,allSize,hot_dry,nonCare,Kern,NiteFlat+Flat,20_40pct,1540,0.0,309.3,309.3,
2025,res_unknown,allSize,hot_dry,nonCare,Kern,NiteFlat+Flat,40_60pct,1537,0.0,818.8,818.8,
2025,res_unknown,allSize,hot_dry,nonCare,Kern,NiteFlat+Flat,60_80pct,1517,0.0,1673.5,1673.5,
2025,res_unknown,allSize,hot_dry,nonCare,Kern,NiteFlat+Flat,80_100pct,1561,0.0,7706.4,7706.4,
2025,res_unknown,allSize,hot_dry,nonCare,Kern,NitePeak,0_100pct,939,0.3902,11531.2,7876.2,9365.9
2025,res_unknown,allSize,hot_dry,nonCare,NoLCA,AllDay,0_50pct,9334,1.0,10181.3,-9768.8,19950.1
2025,res_unknown,allSize,hot_dry,nonCare,NoLCA,AllDay,50_100pct,15693,1.0,13669.6,1438.7,12230.9
2025,res_unknown,allSize,hot_dry,nonCare,NoLCA,DayEve,0_20pct,6462,1.0,11211.8,-9735.5,20947.3
2025,res_unknown,allSize,hot_dry,nonCare,NoLCA,DayEve,20_40pct,9067,0.8959,8440.9,-711.6,10216.5
2025,res_unknown,allSize,hot_dry,nonCare,NoLCA,DayEve,40_60pct,9139,0.1181,7175.7,6111.8,9007.2
2025,res_unknown,allSize,hot_dry,nonCare,NoLCA,DayEve,60_80pct,9048,0.1733,10376.1,8433.7,11211.7
2025,res_unknown,allSize,hot_dry,nonCare,NoLCA,DayEve,80_100pct,9187,0.1305,15610.1,13807.0,13813.1
2025,res_unknown,allSize,hot_dry,nonCare,NoLCA,EarlyEve,0_20pct,12514,1.0,5978.4,-5246.4,11224.8
2025,res_unknown,allSize,hot_dry,nonCare,NoLCA,EarlyEve,20_40pct,17986,0.4807,4881.9,1053.0,7965.7
2025,res_unknown,allSize,hot_dry,nonCare,NoLCA,EarlyEve,40_60pct,18051,0.1525,5726.9,4703.8,6706.3
2025,res_unknown,allSize,hot_dry,nonCare,NoLCA,EarlyEve,60_80pct,17679,0.0859,7667.5,6946.1,8397.7
2025,res_unknown,allSize,hot_dry,nonCare,NoLCA,EarlyEve,80_100pct,17536,0.062,11065.1,10727.7,5445.4
2025,res_unknown,allSize,hot_dry,nonCare,NoLCA,Flat,0_20pct,3930,0.0,435.0,435.0,
2025,res_unknown,allSize,hot_dry,nonCare,NoLCA,Flat,20_40pct,3830,0.0,1017.9,1017.9,
2025,res_unknown,allSize,hot_dry,nonCare,NoLCA,Flat,40_60pct,3765,0.0,1716.0,1716.0,
2025,res_unknown,allSize,hot_dry,nonCare,NoLCA,Flat,60_80pct,3790,0.0,2780.8,2780.8,
2025,res_unknown,allSize,hot_dry,nonCare,NoLCA,Flat,80_100pct,3768,0.0,10358.5,10358.5,
2025,res_unknown,allSize,hot_dry,nonCare,NoLCA,FlatCool,0_20pct,7640,0.0685,1437.7,559.9,12804.8
2025,res_unknown,allSize,hot_dry,nonCare,NoLCA,FlatCool,20_40pct,7919,0.1061,3435.8,2423.7,9536.2
2025,res_unknown,allSize,hot_dry,nonCare,NoLCA,FlatCool,40_60pct,7886,0.0498,5271.7,4845.0,8564.6
2025,res_unknown,allSize,hot_dry,nonCare,NoLCA,FlatCool,60_80pct,7978,0.0827,8336.8,7456.1,10651.5
2025,res_unknown,allSize,hot_dry,nonCare,NoLCA,FlatCool,80_100pct,7762,0.1269,19079.4,17841.0,9759.5
2025,res_unknown,allSize,hot_dry,nonCare,NoLCA,LateEve,0_20pct,9982,0.183,1098.3,-722.6,9951.4
2025,res_unknown,allSize,hot_dry,nonCare,NoLCA,LateEve,20_40pct,10719,0.3223,3969.8,985.0,9261.3
2025,res_unknown,allSize,hot_dry,nonCare,NoLCA,LateEve,40_60pct,10381,0.165,6017.8,4387.9,9876.1
2025,res_unknown,allSize,hot_dry,nonCare,NoLCA,LateEve,60_80pct,9574,0.2042,9128.3,7319.5,8859.4
2025,res_unknown,allSize,hot_dry,nonCare,NoLCA,LateEve,80_100pct,9079,0.0556,14290.1,14015.6,4933.8
2025,res_unknown,allSize,hot_dry,nonCare,NoLCA,MrnEve,0_20pct,7417,0.9956,7106.2,-3331.1,10483.5
2025,res_unknown,allSize,hot_dry,nonCare,NoLCA,MrnEve,20_40pct,8522,0.2657,5855.1,2856.5,11284.4
2025,res_unknown,allSize,hot_dry,nonCare,NoLCA,MrnEve,40_60pct,8510,0.1734,7613.6,5728.2,10875.3
2025,res_unknown,allSize,hot_dry,nonCare,NoLCA,MrnEve,60_80pct,8343,0.1447,10523.3,8381.2,14805.7
2025,res_unknown,allSize,hot_dry,nonCare,NoLCA,MrnEve,80_100pct,8524,0.1586,16352.2,15016.6,8419.7
2025,res_unknown,allSize,hot_dry,nonCare,NoLCA,NiteFlat,0_100pct,11890,0.0369,3324.5,2903.1,11417.2
2025,res_unknown,allSize,hot_dry,nonCare,NoLCA,NitePeak,0_20pct,853,0.2987,3898.2,1092.4,9394.6
2025,res_unknown,allSize,hot_dry,nonCare,NoLCA,NitePeak,20_40pct,868,0.1683,6357.0,3909.7,14541.9
2025,res_unknown,allSize,hot_dry,nonCare,NoLCA,NitePeak,40_60pct,867,0.1742,9338.0,7917.4,8154.0
2025,res_unknown,allSize,hot_dry,nonCare,NoLCA,NitePeak,60_80pct,676,0.3252,15403.5,13168.8,6871.7
2025,res_unknown,allSize,hot_dry,nonCare,NoLCA,NitePeak,80_100pct,515,0.2105,26393.8,24357.3,9675.5
2025,res_unknown,allSize,hot_dry,nonCare,North,allLshp,0_20pct,565,1.0,13467.0,-9847.0,23314.1
2025,res_unknown,allSize,hot_dry,nonCare,North,allLshp,20_40pct,764,0.3069,5669.7,3053.6,8525.6
2025,res_unknown,allSize,hot_dry,nonCare,North,allLshp,40_60pct,758,0.1791,7721.0,6361.0,7591.9
2025,res_unknown,allSize,hot_dry,nonCare,North,allLshp,60_80pct,580,0.034,9901.8,9548.5,10381.0
2025,res_unknown,allSize,hot_dry,nonCare,North,allLshp,80_100pct,403,0.0113,16778.5,16706.5,6399.5
2025,res_unknown,allSize,hot_dry,nonCare,Sierra,AllDay,0_50pct,9862,1.0,25197.4,-27195.9,52393.3
2025,res_unknown,allSize,hot_dry,nonCare,Sierra,AllDay,50_100pct,13930,1.0,15015.5,2730.5,12285.0
2025,res_unknown,allSize,hot_dry,nonCare,Sierra,DayEve,0_20pct,6231,1.0,19635.6,-19961.6,39597.2
2025,res_unknown,allSize,hot_dry,nonCare,Sierra,DayEve,20_40pct,9428,0.8907,8426.7,242.7,9188.7
2025,res_unknown,allSize,hot_dry,nonCare,Sierra,DayEve,40_60pct,9621,0.4973,9317.6,5065.7,8550.6
2025,res_unknown,allSize,hot_dry,nonCare,Sierra,DayEve,60_80pct,9675,0.2787,11496.5,9053.0,8768.2
2025,res_unknown,allSize,hot_dry,nonCare,Sierra,DayEve,80_100pct,9332,0.2187,18977.7,16792.2,9992.7
2025,res_unknown,allSize,hot_dry,nonCare,Sierra,EarlyEve,0_20pct,12254,1.0,29650.7,-36383.4,66034.2
2025,res_unknown,allSize,hot_dry,nonCare,Sierra,EarlyEve,20_40pct,17954,0.7976,6247.6,-80.1,7933.4
2025,res_unknown,allSize,hot_dry,nonCare,Sierra,EarlyEve,40_60pct,18152,0.1778,6121.3,4763.5,7638.4
2025,res_unknown,allSize,hot_dry,nonCare,Sierra,EarlyEve,60_80pct,17804,0.1235,8248.4,7267.7,7938.6
2025,res_unknown,allSize,hot_dry,nonCare,Sierra,EarlyEve,80_100pct,18053,0.069,12300.0,11745.5,8033.3
2025,res_unknown,allSize,hot_dry,nonCare,Sierra,Flat,0_20pct,2678,0.0,490.2,490.2,
2025,res_unknown,allSize,hot_dry,nonCare,Sierra,Flat,20_40pct,2641,0.0,1190.5,1190.5,
2025,res_unknown,allSize,hot_dry,nonCare,Sierra,Flat,40_60pct,2559,0.0,2095.3,2095.3,
2025,res_unknown,allSize,hot_dry,nonCare,Sierra,Flat,60_80pct,2571,0.0,3280.1,3280.1,
2025,res_unknown,allSize,hot_dry,nonCare,Sierra,Flat,80_100pct,2587,0.0,8340.8,8340.8,
2025,res_unknown,allSize,hot_dry,nonCare,Sierra,FlatCool,0_20pct,7086,0.1067,3300.3,-2530.6,54626.3
2025,res_unknown,allSize,hot_dry,nonCare,Sierra,FlatCool,20_40pct,6955,0.0565,3262.3,2836.1,7542.2
2025,res_unknown,allSize,hot_dry,nonCare,Sierra,FlatCool,40_60pct,6986,0.0785,5642.3,4904.1,9407.9
2025,res_unknown,allSize,hot_dry,nonCare,Sierra,FlatCool,60_80pct,6887,0.0941,8549.4,7793.8,8028.4
2025,res_unknown,allSize,hot_dry,nonCare,Sierra,FlatCool,80_100pct,6749,0.156,18805.8,17452.4,8675.1
2025,res_unknown,allSize,hot_dry,nonCare,Sierra,LateEve,0_20pct,8579,0.4071,3910.1,-3546.1,18314.0
2025,res_unknown,allSize,hot_dry,nonCare,Sierra,LateEve,20_40pct,8795,0.4472,4904.9,1039.9,8643.5
2025,res_unknown,allSize,hot_dry,nonCare,Sierra,LateEve,40_60pct,8891,0.2251,7035.9,5011.8,8992.7
2025,res_unknown,allSize,hot_dry,nonCare,Sierra,LateEve,60_80pct,8365,0.074,9186.2,8572.1,8304.1
2025,res_unknown,allSize,hot_dry,nonCare,Sierra,LateEve,80_100pct,7618,0.1093,16223.9,15369.8,7817.9
2025,res_unknown,allSize,hot_dry,nonCare,Sierra,MrnEve,0_20pct,8383,1.0,12004.2,-9353.1,21357.3
2025,res_unknown,allSize,hot_dry,nonCare,Sierra,MrnEve,20_40pct,10533,0.348,6270.2,3037.2,9290.3
2025,res_unknown,allSize,hot_dry,nonCare,Sierra,MrnEve,40_60pct,10290,0.1679,7789.5,6499.2,7686.4
2025,res_unknown,allSize,hot_dry,nonCare,Sierra,MrnEve,60_80pct,10385,0.1474,10655.0,9617.1,7040.5
2025,res_unknown,allSize,hot_dry,nonCare,Sierra,MrnEve,80_100pct,10251,0.1068,17293.1,16311.3,9193.0
2025,res_unknown,allSize,hot_dry,nonCare,Sierra,NiteFlat,0_20pct,1622,0.0379,451.4,-54.8,13357.4
2025,res_unknown,allSize,hot_dry,nonCare,Sierra,NiteFlat,20_40pct,1614,0.0158,472.7,412.1,3841.0
2025,res_unknown,allSize,hot_dry,nonCare,Sierra,NiteFlat,40_60pct,1665,0.0816,1200.8,837.6,4453.2
2025,res_unknown,allSize,hot_dry,nonCare,Sierra,NiteFlat,60_80pct,1639,0.0,1986.9,1986.9,
2025,res_unknown,allSize,hot_dry,nonCare,Sierra,NiteFlat,80_100pct,1607,0.0827,7139.5,6252.8,10722.6
2025,res_unknown,allSize,hot_dry,nonCare,Sierra,NitePeak,0_20pct,858,0.9205,20500.7,-5393.7,28131.5
2025,res_unknown,allSize,hot_dry,nonCare,Sierra,NitePeak,20_40pct,791,0.6257,12325.1,5524.2,10869.6
2025,res_unknown,allSize,hot_dry,nonCare,Sierra,NitePeak,40_60pct,682,0.5053,15266.2,10817.9,8803.6
2025,res_unknown,allSize,hot_dry,nonCare,Sierra,NitePeak,60_80pct,612,0.4399,20613.3,15784.9,10976.1
2025,res_unknown,allSize,hot_dry,nonCare,Sierra,NitePeak,80_100pct,566,0.2433,30009.9,27458.0,10490.2
2025,res_unknown,allSize,hot_dry,nonCare,Stockton,AllDay,0_50pct,3002,1.0,9819.3,-9930.6,19749.9
2025,res_unknown,allSize,hot_dry,nonCare,Stockton,AllDay,50_100pct,6834,1.0,13446.5,-304.8,13751.3
2025,res_unknown,allSize,hot_dry,nonCare,Stockton,DayEve,0_20pct,2350,1.0,11517.9,-7465.4,18983.2
2025,res_unknown,allSize,hot_dry,nonCare,Stockton,DayEve,20_40pct,3710,0.5442,7131.3,2379.5,8731.8
2025,res_unknown,allSize,hot_dry,nonCare,Stockton,DayEve,40_60pct,3829,0.2037,8020.4,6685.1,6554.2
2025,res_unknown,allSize,hot_dry,nonCare,Stockton,DayEve,60_80pct,3895,0.2007,11141.1,9445.5,8446.9
2025,res_unknown,allSize,hot_dry,nonCare,Stockton,DayEve,80_100pct,3809,0.1694,16049.0,14400.3,9732.8
2025,res_unknown,allSize,hot_dry,nonCare,Stockton,EarlyEve,0_20pct,4822,0.9894,4472.1,-3552.4,8110.7
2025,res_unknown,allSize,hot_dry,nonCare,Stockton,EarlyEve,20_40pct,7381,0.3644,4787.2,1742.6,8355.9
2025,res_unknown,allSize,hot_dry,nonCare,Stockton,EarlyEve,40_60pct,7221,0.1141,6043.9,5009.5,9063.8
2025,res_unknown,allSize,hot_dry,nonCare,Stockton,EarlyEve,60_80pct,7377,0.0564,8090.1,7409.1,12077.0
2025,res_unknown,allSize,hot_dry,nonCare,Stockton,EarlyEve,80_100pct,6999,0.0559,11754.0,11409.8,6152.9
2025,res_unknown,allSize,hot_dry,nonCare,Stockton,FlatCool,0_20pct,3940,0.0435,968.3,812.5,3579.9
2025,res_unknown,allSize,hot_dry,nonCare,Stockton,FlatCool,20_40pct,3831,0.0112,2821.6,2642.4,16048.9
2025,res_unknown,allSize,hot_dry,nonCare,Stockton,FlatCool,40_60pct,3831,0.0677,5093.2,4422.7,9904.2
2025,res_unknown,allSize,hot_dry,nonCare,Stockton,FlatCool,60_80pct,3779,0.2066,8632.3,6331.7,11137.7
2025,res_unknown,allSize,hot_dry,nonCare,Stockton,FlatCool,80_100pct,3884,0.0665,17507.9,16958.8,8262.1
2025,res_unknown,allSize,hot_dry,nonCare,Stockton,LateEve,0_20pct,4317,0.2492,1862.9,-532.6,9613.2
2025,res_unknown,allSize,hot_dry,nonCare,Stockton,LateEve,20_40pct,4613,0.3091,4936.6,2824.0,6834.8
2025,res_unknown,allSize,hot_dry,nonCare,Stockton,LateEve,40_60pct,4516,0.206,7102.9,5562.4,7477.1
2025,res_unknown,allSize,hot_dry,nonCare,Stockton,LateEve,60_80pct,4513,0.0682,9307.3,8616.1,10137.4
2025,res_unknown,allSize,hot_dry,nonCare,Stockton,LateEve,80_100pct,4501,0.0386,15002.7,14731.0,7039.5
2025,res_unknown,allSize,hot_dry,nonCare,Stockton,MrnEve,0_20pct,3553,0.8529,5292.0,-1944.7,8484.6
2025,res_unknown,allSize,hot_dry,nonCare,Stockton,MrnEve,20_40pct,3889,0.1667,5214.1,4341.1,5236.8
2025,res_unknown,allSize,hot_dry,nonCare,Stockton,MrnEve,40_60pct,3960,0.0989,7929.8,6427.1,15194.5
2025,res_unknown,allSize,hot_dry,nonCare,Stockton,MrnEve,60_80pct,4020,0.0651,10105.2,9408.8,10690.3
2025,res_unknown,allSize,hot_dry,nonCare,Stockton,MrnEve,80_100pct,3766,0.1028,17128.7,16195.1,9081.5
2025,res_unknown,allSize,hot_dry,nonCare,Stockton,NiteFlat+Flat,0_20pct,3081,0.0133,568.2,337.2,17324.2
2025,res_unknown,allSize,hot_dry,nonCare,Stockton,NiteFlat+Flat,20_40pct,2940,0.0,1151.2,1151.2,
2025,res_unknown,allSize,hot_dry,nonCare,Stockton,NiteFlat+Flat,40_60pct,3075,0.0,1800.4,1800.4,
2025,res_unknown,allSize,hot_dry,nonCare,Stockton,NiteFlat+Flat,60_80pct,2957,0.0,2782.9,2782.9,
2025,res_unknown,allSize,hot_dry,nonCare,Stockton,NiteFlat+Flat,80_100pct,2877,0.0179,10228.8,10176.0,2943.9
2025,res_unknown,allSize,hot_dry,nonCare,Stockton,NitePeak,0_50pct,1101,0.2302,4881.8,3059.1,7918.4
2025,res_unknown,allSize,hot_dry,nonCare,Stockton,NitePeak,50_100pct,530,0.3042,15363.5,12673.1,8843.4
2025,res_unknown,allSize,marine,Care,Bay,AllDay,0_100pct,4390,0.8902,6974.5,2333.0,5214.1
2025,res_unknown,allSize,marine,Care,Bay,DayEve,0_20pct,6054,0.3066,2021.7,7.1,6570.7
2025,res_unknown,allSize,marine,Care,Bay,DayEve,20_40pct,12942,0.0726,2477.2,2020.1,6296.5
2025,res_unknown,allSize,marine,Care,Bay,DayEve,40_60pct,12648,0.0639,3728.9,3373.1,5571.2
2025,res_unknown,allSize,marine,Care,Bay,DayEve,60_80pct,12330,0.044,5319.2,5149.9,3849.2
2025,res_unknown,allSize,marine,Care,Bay,DayEve,80_100pct,12135,0.0464,8902.6,8668.0,5057.1
2025,res_unknown,allSize,marine,Care,Bay,EarlyEve,0_20pct,15939,0.2166,1873.7,646.0,5668.5
2025,res_unknown,allSize,marine,Care,Bay,EarlyEve,20_40pct,25600,0.0372,2474.2,2309.8,4415.3
2025,res_unknown,allSize,marine,Care,Bay,EarlyEve,40_60pct,25102,0.0082,3473.2,3420.3,6481.2
2025,res_unknown,allSize,marine,Care,Bay,EarlyEve,60_80pct,23779,0.0233,4898.8,4782.5,4985.2
2025,res_unknown,allSize,marine,Care,Bay,EarlyEve,80_100pct,22702,0.0132,7934.5,7883.3,3876.8
2025,res_unknown,allSize,marine,Care,Bay,Flat,0_50pct,5095,0.0004,1288.4,1284.8,8669.6
2025,res_unknown,allSize,marine,Care,Bay,Flat,50_100pct,4934,0.0,7309.1,7309.1,
2025,res_unknown,allSize,marine,Care,Bay,FlatCool,0_20pct,9283,0.0181,1286.3,1149.5,7553.3
2025,res_unknown,allSize,marine,Care,Bay,FlatCool,20_40pct,9871,0.0271,2559.1,2470.6,3269.5
2025,res_unknown,allSize,marine,Care,Bay,FlatCool,40_60pct,9989,0.0265,3950.5,3767.7,6886.0
2025,res_unknown,allSize,marine,Care,Bay,FlatCool,60_80pct,9231,0.0142,5540.9,5481.7,4161.8
2025,res_unknown,allSize,marine,Care,Bay,FlatCool,80_100pct,9609,0.0419,8879.3,8769.0,2636.7
2025,res_unknown,allSize,marine,Care,Bay,LateEve,0_20pct,15157,0.0545,47081.1,46799.4,5169.1
2025,res_unknown,allSize,marine,Care,Bay,LateEve,20_40pct,18004,0.0288,3008.7,2917.4,3174.0
2025,res_unknown,allSize,marine,Care,Bay,LateEve,40_60pct,17277,0.0249,4407.1,4255.0,6099.1
2025,res_unknown,allSize,marine,Care,Bay,LateEve,60_80pct,15653,0.0462,6086.5,5905.2,3925.6
2025,res_unknown,allSize,marine,Care,Bay,LateEve,80_100pct,14341,0.0299,9903.3,9733.5,5684.2
2025,res_unknown,allSize,marine,Care,Bay,MrnEve,0_20pct,12549,0.1633,1678.2,893.5,4804.3
2025,res_unknown,allSize,marine,Care,Bay,MrnEve,20_40pct,15683,0.0356,2545.0,2381.5,4589.2
2025,res_unknown,allSize,marine,Care,Bay,MrnEve,40_60pct,14964,0.0179,3611.2,3497.6,6329.5
2025,res_unknown,allSize,marine,Care,Bay,MrnEve,60_80pct,14680,0.036,5041.2,4864.4,4903.8
2025,res_unknown,allSize,marine,Care,Bay,MrnEve,80_100pct,14513,0.0281,7752.8,7453.3,10659.3
2025,res_unknown,allSize,marine,Care,Bay,NiteFlat,0_100pct,1741,0.0074,4300.7,4226.2,10012.7
2025,res_unknown,allSize,marine,Care,Bay,NitePeak,0_20pct,3284,0.0046,1751.7,1714.4,8038.0
2025,res_unknown,allSize,marine,Care,Bay,NitePeak,20_40pct,3339,0.0008,3090.9,3086.7,5206.9
2025,res_unknown,allSize,marine,Care,Bay,NitePeak,40_60pct,2574,0.0038,4560.7,4531.9,7639.2
2025,res_unknown,allSize,marine,Care,Bay,NitePeak,60_80pct,2375,0.0626,6481.7,6349.1,2118.5
2025,res_unknown,allSize,marine,Care,Bay,NitePeak,80_100pct,1366,0.0366,18982.7,18852.4,3562.7
2025,res_unknown,allSize,marine,Care,Humboldt,DayEve,0_50pct,818,0.3341,3514.1,1835.8,5024.1
2025,res_unknown,allSize,marine,Care,Humboldt,DayEve,50_100pct,698,0.0,8742.1,8742.1,
2025,res_unknown,allSize,marine,Care,Humboldt,EarlyEve,0_20pct,904,0.164,1862.9,860.8,6109.1
2025,res_unknown,allSize,marine,Care,Humboldt,EarlyEve,20_40pct,984,0.0,3006.8,3006.8,
2025,res_unknown,allSize,marine,Care,Humboldt,EarlyEve,40_60pct,1204,0.0,4938.1,4938.1,
2025,res_unknown,allSize,marine,Care,Humboldt,EarlyEve,60_80pct,964,0.0,6883.5,6883.5,
2025,res_unknown,allSize,marine,Care,Humboldt,EarlyEve,80_100pct,725,0.0,11371.5,11371.5,
2025,res_unknown,allSize,marine,Care,Humboldt,Flat,0_100pct,935,0.0,2922.1,2922.1,
2025,res_unknown,allSize,marine,Care,Humboldt,FlatCool+AllDay,0_20pct,816,0.0267,1300.7,1162.3,5175.8
2025,res_unknown,allSize,marine,Care,Humboldt,FlatCool+AllDay,20_40pct,972,0.0,2968.9,2968.9,
2025,res_unknown,allSize,marine,Care,Humboldt,FlatCool+AllDay,40_60pct,825,0.0,4520.3,4520.3,
2025,res_unknown,allSize,marine,Care,Humboldt,FlatCool+AllDay,60_80pct,890,0.0,5972.2,5972.2,
2025,res_unknown,allSize,marine,Care,Humboldt,FlatCool+AllDay,80_100pct,634,0.2133,15368.1,14336.0,4839.7
2025,res_unknown,allSize,marine,Care,Humboldt,LateEve+NitePeak,0_20pct,965,0.0113,2161.8,2125.6,3195.5
2025,res_unknown,allSize,marine,Care,Humboldt,LateEve+NitePeak,20_40pct,831,0.0,3461.9,3461.9,
2025,res_unknown,allSize,marine,Care,Humboldt,LateEve+NitePeak,40_60pct,625,0.0,5387.5,5387.5,
2025,res_unknown,allSize,marine,Care,Humboldt,LateEve+NitePeak,60_80pct,495,0.0,8911.5,8911.5,
2025,res_unknown,allSize,marine,Care,Humboldt,LateEve+NitePeak,80_100pct,391,0.0084,20492.4,20409.4,9894.6
2025,res_unknown,allSize,marine,Care,Humboldt,MrnEve,0_20pct,819,0.1871,1796.4,1013.3,4185.1
2025,res_unknown,allSize,marine,Care,Humboldt,MrnEve,20_40pct,836,0.0,2669.7,2669.7,
2025,res_unknown,allSize,marine,Care,Humboldt,MrnEve,40_60pct,820,0.0,4418.6,4418.6,
2025,res_unknown,allSize,marine,Care,Humboldt,MrnEve,60_80pct,782,0.0,7470.2,7470.2,
2025,res_unknown,allSize,marine,Care,Humboldt,MrnEve,80_100pct,627,0.2138,18712.3,17652.3,4958.7
2025,res_unknown,allSize,marine,Care,NoLCA,allLshp,0_20pct,7580,0.3235,2081.8,158.9,5944.7
2025,res_unknown,allSize,marine,Care,NoLCA,allLshp,20_40pct,10558,0.0868,2719.5,2384.6,3856.6
2025,res_unknown,allSize,marine,Care,NoLCA,allLshp,40_60pct,10600,0.041,3874.3,3706.0,4103.4
2025,res_unknown,allSize,marine,Care,NoLCA,allLshp,60_80pct,9950,0.0398,5397.4,5176.9,5537.5
2025,res_unknown,allSize,marine,Care,NoLCA,allLshp,80_100pct,8883,0.0161,11210.9,11152.0,3672.1
2025,res_unknown,allSize,marine,Care,North,allLshp,0_20pct,13614,0.1269,1921.8,992.3,7322.9
2025,res_unknown,allSize,marine,Care,North,allLshp,20_40pct,20678,0.0212,3111.8,2958.2,7262.7
2025,res_unknown,allSize,marine,Care,North,allLshp,40_60pct,19250,0.0281,4790.2,4616.0,6195.9
2025,res_unknown,allSize,marine,Care,North,allLshp,60_80pct,18280,0.0445,7091.5,6740.9,7877.5
2025,res_unknown,allSize,marine,Care,North,allLshp,80_100pct,16634,0.0229,14365.4,14082.9,12323.3
2025,res_unknown,allSize,marine,nonCare,Bay,AllDay,0_100pct,52956,1.0,10302.6,1124.5,9178.1
2025,res_unknown,allSize,marine,nonCare,Bay,DayEve,0_20pct,11020,1.0,6284.5,-5477.8,11762.3
2025,res_unknown,allSize,marine,nonCare,Bay,DayEve,20_40pct,38317,0.5523,3966.0,357.1,6533.9
2025,res_unknown,allSize,marine,nonCare,Bay,DayEve,40_60pct,40000,0.1738,4744.1,3548.7,6876.2
2025,res_unknown,allSize,marine,nonCare,Bay,DayEve,60_80pct,38901,0.1344,7137.7,6047.0,8115.7
2025,res_unknown,allSize,marine,nonCare,Bay,DayEve,80_100pct,37081,0.1481,14042.1,12710.8,8986.3
2025,res_unknown,allSize,marine,nonCare,Bay,EarlyEve,0_20pct,58483,0.8283,2912.4,-1919.8,5833.9
2025,res_unknown,allSize,marine,nonCare,Bay,EarlyEve,20_40pct,105034,0.1504,2484.4,1599.9,5881.3
2025,res_unknown,allSize,marine,nonCare,Bay,EarlyEve,40_60pct,101262,0.0845,3837.2,3332.6,5969.6
2025,res_unknown,allSize,marine,nonCare,Bay,EarlyEve,60_80pct,98920,0.0508,5426.4,5106.6,6293.0
2025,res_unknown,allSize,marine,nonCare,Bay,EarlyEve,80_100pct,91458,0.0513,9370.2,8988.0,7446.4
2025,res_unknown,allSize,marine,nonCare,Bay,Flat,0_20pct,20499,0.0008,217.3,212.5,5851.8
2025,res_unknown,allSize,marine,nonCare,Bay,Flat,20_40pct,20540,0.0,645.5,645.5,
2025,res_unknown,allSize,marine,nonCare,Bay,Flat,40_60pct,19514,0.0,1353.4,1353.4,
2025,res_unknown,allSize,marine,nonCare,Bay,Flat,60_80pct,19482,0.0,2728.8,2728.8,
2025,res_unknown,allSize,marine,nonCare,Bay,Flat,80_100pct,19326,0.0069,10527.3,10507.9,2791.2
2025,res_unknown,allSize,marine,nonCare,Bay,FlatCool,0_20pct,48486,0.052,791.1,511.8,5375.4
2025,res_unknown,allSize,marine,nonCare,Bay,FlatCool,20_40pct,49562,0.0196,1996.7,1917.9,4013.7
2025,res_unknown,allSize,marine,nonCare,Bay,FlatCool,40_60pct,48087,0.0178,3443.3,3320.4,6901.1
2025,res_unknown,allSize,marine,nonCare,Bay,FlatCool,60_80pct,46165,0.0366,5684.9,5409.4,7520.4
2025,res_unknown,allSize,marine,nonCare,Bay,FlatCool,80_100pct,42023,0.0515,11836.4,11360.9,9232.3
2025,res_unknown,allSize,marine,nonCare,Bay,LateEve,0_20pct,70369,0.2026,1278.5,87.4,5879.3
2025,res_unknown,allSize,marine,nonCare,Bay,LateEve,20_40pct,81223,0.0898,2913.1,2375.8,5982.2
2025,res_unknown,allSize,marine,nonCare,Bay,LateEve,40_60pct,74017,0.0636,4879.7,4485.3,6197.9
2025,res_unknown,allSize,marine,nonCare,Bay,LateEve,60_80pct,63181,0.0562,7702.8,7311.6,6964.1
2025,res_unknown,allSize,marine,nonCare,Bay,LateEve,80_100pct,50946,0.0799,15715.9,15219.9,6209.2
2025,res_unknown,allSize,marine,nonCare,Bay,MrnEve,0_20pct,57914,0.4462,2426.5,67.0,5288.5
2025,res_unknown,allSize,marine,nonCare,Bay,MrnEve,20_40pct,76694,0.0946,3070.6,2417.5,6906.7
2025,res_unknown,allSize,marine,nonCare,Bay,MrnEve,40_60pct,74043,0.0819,4372.6,3968.1,4941.4
2025,res_unknown,allSize,marine,nonCare,Bay,MrnEve,60_80pct,72885,0.0522,5944.2,5639.4,5837.0
2025,res_unknown,allSize,marine,nonCare,Bay,MrnEve,80_100pct,71745,0.0608,10639.4,10242.8,6521.8
2025,res_unknown,allSize,marine,nonCare,Bay,NiteFlat,0_20pct,16528,0.0181,261.4,145.4,6422.4
2025,res_unknown,allSize,marine,nonCare,Bay,NiteFlat,20_40pct,17510,0.0076,315.5,294.3,2776.5
2025,res_unknown,allSize,marine,nonCare,Bay,NiteFlat,40_60pct,17324,0.0,741.0,741.0,
2025,res_unknown,allSize,marine,nonCare,Bay,NiteFlat,60_80pct,17234,0.0014,1479.3,1470.7,6106.0
2025,res_unknown,allSize,marine,nonCare,Bay,NiteFlat,80_100pct,15649,0.0146,7082.5,7022.1,4135.8
2025,res_unknown,allSize,marine,nonCare,Bay,NitePeak,0_20pct,22416,0.2424,2917.2,1048.7,7707.5
2025,res_unknown,allSize,marine,nonCare,Bay,NitePeak,20_40pct,22378,0.1419,5296.1,4275.0,7193.6
2025,res_unknown,allSize,marine,nonCare,Bay,NitePeak,40_60pct,15921,0.2225,10065.4,8633.9,6434.5
2025,res_unknown,allSize,marine,nonCare,Bay,NitePeak,60_80pct,9510,0.3367,14018.3,11782.9,6638.8
2025,res_unknown,allSize,marine,nonCare,Bay,NitePeak,80_100pct,7772,0.2607,21848.1,19766.7,7984.5
2025,res_unknown,allSize,marine,nonCare,Humboldt,allLshp,0_20pct,7625,0.2578,1372.7,-487.9,7217.9
2025,res_unknown,allSize,marine,nonCare,Humboldt,allLshp,20_40pct,10590,0.0718,2421.2,1809.9,8516.9
2025,res_unknown,allSize,marine,nonCare,Humboldt,allLshp,40_60pct,10339,0.0273,4371.6,4165.9,7526.2
2025,res_unknown,allSize,marine,nonCare,Humboldt,allLshp,60_80pct,9659,0.0619,7213.3,6765.4,7238.6
2025,res_unknown,allSize,marine,nonCare,Humboldt,allLshp,80_100pct,6334,0.0968,25764.5,25091.6,6948.5
2025,res_unknown,allSize,marine,nonCare,NoLCA,AllDay,0_100pct,6899,1.0,9933.8,-3430.7,13364.5
2025,res_unknown,allSize,marine,nonCare,NoLCA,DayEve,0_20pct,2980,1.0,6410.7,-5422.9,11833.6
2025,res_unknown,allSize,marine,nonCare,NoLCA,DayEve,20_40pct,4505,0.4345,4400.5,1197.0,7372.8
2025,res_unknown,allSize,marine,nonCare,NoLCA,DayEve,40_60pct,4387,0.0978,4507.7,3878.9,6430.3
2025,res_unknown,allSize,marine,nonCare,NoLCA,DayEve,60_80pct,4459,0.1497,6351.1,5322.2,6872.2
2025,res_unknown,allSize,marine,nonCare,NoLCA,DayEve,80_100pct,4264,0.1863,11477.9,9941.3,8246.7
2025,res_unknown,allSize,marine,nonCare,NoLCA,EarlyEve,0_20pct,4128,1.0,4870.7,-4073.3,8944.0
2025,res_unknown,allSize,marine,nonCare,NoLCA,EarlyEve,20_40pct,6749,0.5751,4007.3,-377.6,7625.0
2025,res_unknown,allSize,marine,nonCare,NoLCA,EarlyEve,40_60pct,6606,0.1441,4133.5,3111.7,7088.3
2025,res_unknown,allSize,marine,nonCare,NoLCA,EarlyEve,60_80pct,6794,0.0778,5446.9,4976.7,6039.4
2025,res_unknown,allSize,marine,nonCare,NoLCA,EarlyEve,80_100pct,6001,0.0479,9235.3,8878.5,7449.8
2025,res_unknown,allSize,marine,nonCare,NoLCA,Flat,0_20pct,2750,0.0,373.9,373.9,
2025,res_unknown,allSize,marine,nonCare,NoLCA,Flat,20_40pct,2774,0.0,1163.6,1163.6,
2025,res_unknown,allSize,marine,nonCare,NoLCA,Flat,40_60pct,2539,0.0,1846.4,1846.4,
2025,res_unknown,allSize,marine,nonCare,NoLCA,Flat,60_80pct,2550,0.0,2688.2,2688.2,
2025,res_unknown,allSize,marine,nonCare,NoLCA,Flat,80_100pct,2291,0.0049,8433.8,8426.5,1484.5
2025,res_unknown,allSize,marine,nonCare,NoLCA,FlatCool,0_20pct,4469,0.1032,1487.9,426.9,10285.3
2025,res_unknown,allSize,marine,nonCare,NoLCA,FlatCool,20_40pct,4248,0.066,2546.3,2049.0,7540.9
2025,res_unknown,allSize,marine,nonCare,NoLCA,FlatCool,40_60pct,4340,0.0273,4051.0,3848.5,7415.0
2025,res_unknown,allSize,marine,nonCare,NoLCA,FlatCool,60_80pct,4440,0.0635,6431.7,6058.5,5880.4
2025,res_unknown,allSize,marine,nonCare,NoLCA,FlatCool,80_100pct,3975,0.0539,12202.8,11789.7,7657.7
2025,res_unknown,allSize,marine,nonCare,NoLCA,LateEve,0_20pct,4474,0.3849,1931.5,-516.3,6358.8
2025,res_unknown,allSize,marine,nonCare,NoLCA,LateEve,20_40pct,5141,0.0822,3077.2,2143.8,11356.5
2025,res_unknown,allSize,marine,nonCare,NoLCA,LateEve,40_60pct,4638,0.0142,4433.9,4366.4,4757.9
2025,res_unknown,allSize,marine,nonCare,NoLCA,LateEve,60_80pct,4109,0.0278,6821.2,6645.7,6306.5
2025,res_unknown,allSize,marine,nonCare,NoLCA,LateEve,80_100pct,3723,0.0194,11855.0,11708.9,7513.9
2025,res_unknown,allSize,marine,nonCare,NoLCA,MrnEve,0_20pct,7817,0.9788,4163.3,-2099.9,6398.5
2025,res_unknown,allSize,marine,nonCare,NoLCA,MrnEve,20_40pct,10028,0.1393,3169.8,2351.6,5872.8
2025,res_unknown,allSize,marine,nonCare,NoLCA,MrnEve,40_60pct,10078,0.0438,4186.8,3818.5,8412.7
2025,res_unknown,allSize,marine,nonCare,NoLCA,MrnEve,60_80pct,9818,0.0309,5723.6,5439.4,9205.2
2025,res_unknown,allSize,marine,nonCare,NoLCA,MrnEve,80_100pct,9771,0.0832,9626.5,9163.3,5568.4
2025,res_unknown,allSize,marine,nonCare,NoLCA,NiteFlat,0_20pct,1049,0.0795,311.2,-266.0,7257.1
2025,res_unknown,allSize,marine,nonCare,NoLCA,NiteFlat,20_40pct,1080,0.0,436.2,436.2,
2025,res_unknown,allSize,marine,nonCare,NoLCA,NiteFlat,40_60pct,1079,0.0,1350.6,1350.6,
2025,res_unknown,allSize,marine,nonCare,NoLCA,NiteFlat,60_80pct,967,0.0,2837.0,2837.0,
2025,res_unknown,allSize,marine,nonCare,NoLCA,NiteFlat,80_100pct,974,0.0,9301.0,9301.0,
2025,res_unknown,allSize,marine,nonCare,NoLCA,NitePeak,0_20pct,854,0.7513,7420.7,-169.6,10102.8
2025,res_unknown,allSize,marine,nonCare,NoLCA,NitePeak,20_40pct,930,0.2444,5806.1,3653.8,8804.7
2025,res_unknown,allSize,marine,nonCare,NoLCA,NitePeak,40_60pct,1095,0.1979,7378.5,6138.4,6265.6
2025,res_unknown,allSize,marine,nonCare,NoLCA,NitePeak,60_80pct,728,0.1309,12629.3,11818.0,6198.1
2025,res_unknown,allSize,marine,nonCare,NoLCA,NitePeak,80_100pct,360,0.3635,17304.5,15103.3,6056.2
2025,res_unknown,allSize,marine,nonCare,North,AllDay,0_50pct,5048,1.0,7807.9,-7135.5,14943.4
2025,res_unknown,allSize,marine,nonCare,North,AllDay,50_100pct,14329,0.7712,12657.3,5459.9,9333.2
2025,res_unknown,allSize,marine,nonCare,North,DayEve,0_20pct,4273,1.0,5252.2,-3109.0,8361.2
2025,res_unknown,allSize,marine,nonCare,North,DayEve,20_40pct,8104,0.3459,4768.4,2032.1,7911.4
2025,res_unknown,allSize,marine,nonCare,North,DayEve,40_60pct,8346,0.2047,6781.2,4646.6,10430.1
2025,res_unknown,allSize,marine,nonCare,North,DayEve,60_80pct,7970,0.2158,9308.6,7739.7,7268.6
2025,res_unknown,allSize,marine,nonCare,North,DayEve,80_100pct,7348,0.2354,18630.0,16492.9,9077.7
2025,res_unknown,allSize,marine,nonCare,North,EarlyEve,0_20pct,12239,0.6968,3367.0,-1898.2,7556.0
2025,res_unknown,allSize,marine,nonCare,North,EarlyEve,20_40pct,21270,0.2456,3580.1,1866.0,6979.5
2025,res_unknown,allSize,marine,nonCare,North,EarlyEve,40_60pct,21553,0.0709,4616.9,4193.6,5967.3
2025,res_unknown,allSize,marine,nonCare,North,EarlyEve,60_80pct,21523,0.0959,6630.8,6035.8,6207.0
2025,res_unknown,allSize,marine,nonCare,North,EarlyEve,80_100pct,19898,0.0874,10941.5,10087.1,9772.6
2025,res_unknown,allSize,marine,nonCare,North,Flat,0_20pct,4155,0.0038,435.1,410.7,6377.8
2025,res_unknown,allSize,marine,nonCare,North,Flat,20_40pct,3969,0.0,1141.5,1141.5,
2025,res_unknown,allSize,marine,nonCare,North,Flat,40_60pct,3814,0.0,1819.7,1819.7,
2025,res_unknown,allSize,marine,nonCare,North,Flat,60_80pct,3870,0.0058,3145.6,3145.2,66.8
2025,res_unknown,allSize,marine,nonCare,North,Flat,80_100pct,3558,0.0066,23406.6,23349.6,8627.7
2025,res_unknown,allSize,marine,nonCare,North,FlatCool,0_20pct,10251,0.0352,1185.8,882.4,8625.2
2025,res_unknown,allSize,marine,nonCare,North,FlatCool,20_40pct,10368,0.0127,2759.0,2664.1,7462.1
2025,res_unknown,allSize,marine,nonCare,North,FlatCool,40_60pct,10211,0.0046,4698.8,4654.0,9729.9
2025,res_unknown,allSize,marine,nonCare,North,FlatCool,60_80pct,9409,0.0313,7878.4,7548.8,10529.7
2025,res_unknown,allSize,marine,nonCare,North,FlatCool,80_100pct,8147,0.1199,19876.2,18567.7,10909.0
2025,res_unknown,allSize,marine,nonCare,North,LateEve,0_20pct,10147,0.1285,855.5,-198.3,8201.7
2025,res_unknown,allSize,marine,nonCare,North,LateEve,20_40pct,10910,0.1208,3046.9,2362.9,5659.8
2025,res_unknown,allSize,marine,nonCare,North,LateEve,40_60pct,10931,0.085,5255.9,4722.4,6279.4
2025,res_unknown,allSize,marine,nonCare,North,LateEve,60_80pct,9039,0.0316,8385.3,8175.6,6643.2
2025,res_unknown,allSize,marine,nonCare,North,LateEve,80_100pct,7161,0.1054,19257.7,18220.4,9846.0
2025,res_unknown,allSize,marine,nonCare,North,MrnEve,0_20pct,12505,0.4487,3666.9,23.9,8118.7
2025,res_unknown,allSize,marine,nonCare,North,MrnEve,20_40pct,16448,0.1198,3758.1,3101.7,5478.6
2025,res_unknown,allSize,marine,nonCare,North,MrnEve,40_60pct,16045,0.031,5243.5,5083.4,5168.0
2025,res_unknown,allSize,marine,nonCare,North,MrnEve,60_80pct,16163,0.0841,7392.3,6875.5,6141.3
2025,res_unknown,allSize,marine,nonCare,North,MrnEve,80_100pct,15533,0.1066,13225.8,12184.5,9772.9
2025,res_unknown,allSize,marine,nonCare,North,NiteFlat,0_20pct,1879,0.0263,375.2,127.5,9413.4
2025,res_unknown,allSize,marine,nonCare,North,NiteFlat,20_40pct,2351,0.0,331.8,331.8,
2025,res_unknown,allSize,marine,nonCare,North,NiteFlat,40_60pct,2270,0.0,880.3,880.3,
2025,res_unknown,allSize,marine,nonCare,North,NiteFlat,60_80pct,2363,0.0,2297.4,2297.4,
2025,res_unknown,allSize,marine,nonCare,North,NiteFlat,80_100pct,1644,0.0301,26547.7,26203.0,11443.1
2025,res_unknown,allSize,marine,nonCare,North,NitePeak,0_20pct,2521,0.3032,3444.4,626.4,9294.6
2025,res_unknown,allSize,marine,nonCare,North,NitePeak,20_40pct,2189,0.2687,7374.3,5119.4,8393.5
2025,res_unknown,allSize,marine,nonCare,North,NitePeak,40_60pct,1757,0.3538,11655.0,9356.9,6495.4
2025,res_unknown,allSize,marine,nonCare,North,NitePeak,60_80pct,1391,0.3507,16584.8,13868.0,7746.9
2025,res_unknown,allSize,marine,nonCare,North,NitePeak,80_100pct,906,0.2399,21929.6,20205.2,7189.4
2030,master_mtr,allSize,hot_dry,allCare,allLca,allLshp,0_25pct,1024,0.3807,3828.1,-3704.1,19786.2
2030,master_mtr,allSize,hot_dry,allCare,allLca,allLshp,25_50pct,963,0.1916,6535.9,2919.0,18877.4
2030,master_mtr,allSize,hot_dry,allCare,allLca,allLshp,50_75pct,1087,0.1675,13309.6,12479.1,4957.3
2030,master_mtr,allSize,hot_dry,allCare,allLca,allLshp,75_100pct,1078,0.3368,104092.6,79303.0,73602.8
2030,master_mtr,allSize,marine,Care,allLca,allLshp,0_100pct,971,0.2073,228325.4,227752.4,2763.7
2030,master_mtr,allSize,marine,nonCare,allLca,allLshp,0_50pct,6752,0.2999,3460.7,1206.9,7515.0
2030,master_mtr,allSize,marine,nonCare,allLca,allLshp,50_100pct,8243,0.2018,36810.3,34904.4,9444.8
2030,res_unknown,allSize,hot_dry,Care,Bay,allLshp,0_20pct,10309,0.6144,3005.8,-1342.5,7076.9
2030,res_unknown,allSize,hot_dry,Care,Bay,allLshp,20_40pct,16338,0.0979,3399.1,2885.5,5243.6
2030,res_unknown,allSize,hot_dry,Care,Bay,allLshp,40_60pct,15856,0.0027,4995.5,4983.9,4343.8
2030,res_unknown,allSize,hot_dry,Care,Bay,allLshp,60_80pct,15859,0.0406,7203.7,6869.9,8212.5
2030,res_unknown,allSize,hot_dry,Care,Bay,allLshp,80_100pct,15016,0.1079,12468.2,11858.2,5652.2
2030,res_unknown,allSize,hot_dry,Care,Fresno,AllDay,0_50pct,2124,1.0,9713.7,-15217.4,24931.1
2030,res_unknown,allSize,hot_dry,Care,Fresno,AllDay,50_100pct,12238,1.0,10283.4,-1342.3,11625.7
2030,res_unknown,allSize,hot_dry,Care,Fresno,DayEve,0_20pct,6981,1.0,5365.2,-3162.3,8527.5
2030,res_unknown,allSize,hot_dry,Care,Fresno,DayEve,20_40pct,10650,0.1977,5479.8,3885.9,8061.9
2030,res_unknown,allSize,hot_dry,Care,Fresno,DayEve,40_60pct,10479,0.1442,7265.1,6561.5,4879.4
2030,res_unknown,allSize,hot_dry,Care,Fresno,DayEve,60_80pct,10652,0.1597,9737.1,8410.8,8305.2
2030,res_unknown,allSize,hot_dry,Care,Fresno,DayEve,80_100pct,10722,0.2663,15654.5,13433.1,8343.3
2030,res_unknown,allSize,hot_dry,Care,Fresno,EarlyEve,0_20pct,12898,0.4787,3285.9,71.6,6715.2
2030,res_unknown,allSize,hot_dry,Care,Fresno,EarlyEve,20_40pct,17772,0.1721,4792.1,3689.6,6405.7
2030,res_unknown,allSize,hot_dry,Care,Fresno,EarlyEve,40_60pct,17413,0.0773,6284.2,5909.6,4847.9
2030,res_unknown,allSize,hot_dry,Care,Fresno,EarlyEve,60_80pct,17569,0.0256,7961.1,7866.7,3686.6
2030,res_unknown,allSize,hot_dry,Care,Fresno,EarlyEve,80_100pct,17630,0.0234,11125.5,10998.4,5420.9
2030,res_unknown,allSize,hot_dry,Care,Fresno,Flat,0_50pct,1256,0.0,1261.3,1261.3,
2030,res_unknown,allSize,hot_dry,Care,Fresno,Flat,50_100pct,1247,0.0,9045.7,9045.7,
2030,res_unknown,allSize,hot_dry,Care,Fresno,FlatCool,0_20pct,3595,0.0049,1714.3,1654.7,12267.1
2030,res_unknown,allSize,hot_dry,Care,Fresno,FlatCool,20_40pct,3640,0.0,3807.5,3807.5,
2030,res_unknown,allSize,hot_dry,Care,Fresno,FlatCool,40_60pct,3722,0.0,5757.9,5757.9,
2030,res_unknown,allSize,hot_dry,Care,Fresno,FlatCool,60_80pct,3538,0.0,8092.6,8092.6,
2030,res_unknown,allSize,hot_dry,Care,Fresno,FlatCool,80_100pct,3557,0.1068,14818.3,14698.2,1125.6
2030,res_unknown,allSize,hot_dry,Care,Fresno,LateEve,0_20pct,11368,0.3083,3646.1,1249.7,7773.0
2030,res_unknown,allSize,hot_dry,Care,Fresno,LateEve,20_40pct,12699,0.0595,5496.3,5010.3,8165.7
2030,res_unknown,allSize,hot_dry,Care,Fresno,LateEve,40_60pct,12485,0.0759,7408.2,6667.3,9764.1
2030,res_unknown,allSize,hot_dry,Care,Fresno,LateEve,60_80pct,12260,0.0154,9208.4,9069.1,9066.5
2030,res_unknown,allSize,hot_dry,Care,Fresno,LateEve,80_100pct,12111,0.0313,13748.7,13644.2,3335.0
2030,res_unknown,allSize,hot_dry,Care,Fresno,MrnEve,0_20pct,3883,0.3145,2814.0,638.3,6916.9
2030,res_unknown,allSize,hot_dry,Care,Fresno,MrnEve,20_40pct,4188,0.0972,4312.0,3674.8,6558.1
2030,res_unknown,allSize,hot_dry,Care,Fresno,MrnEve,40_60pct,4274,0.0442,5858.5,5419.6,9931.2
2030,res_unknown,allSize,hot_dry,Care,Fresno,MrnEve,60_80pct,4032,0.009,8077.7,8021.2,6300.8
2030,res_unknown,allSize,hot_dry,Care,Fresno,MrnEve,80_100pct,4247,0.045,13990.2,13889.5,2234.8
2030,res_unknown,allSize,hot_dry,Care,Fresno,NiteFlat,0_100pct,1671,0.0069,3835.5,3770.1,9531.2
2030,res_unknown,allSize,hot_dry,Care,Fresno,NitePeak,0_50pct,1407,0.1484,3585.0,3122.3,3118.5
2030,res_unknown,allSize,hot_dry,Care,Fresno,NitePeak,50_100pct,1466,0.0,11794.0,11794.0,
2030,res_unknown,allSize,hot_dry,Care,Kern,allLshp,0_20pct,11630,1.0,7004.9,-7054.1,14059.0
2030,res_unknown,allSize,hot_dry,Care,Kern,allLshp,20_40pct,17316,0.2073,5160.4,3189.9,9503.7
2030,res_unknown,allSize,hot_dry,Care,Kern,allLshp,40_60pct,17203,0.0984,6914.6,6129.0,7984.5
2030,res_unknown,allSize,hot_dry,Care,Kern,allLshp,60_80pct,16514,0.0467,8798.9,8451.7,7439.5
2030,res_unknown,allSize,hot_dry,Care,Kern,allLshp,80_100pct,16641,0.0118,12820.2,12717.6,8679.3
2030,res_unknown,allSize,hot_dry,Care,NoLCA,AllDay,0_100pct,6556,1.0,9340.4,-3164.3,12504.7
2030,res_unknown,allSize,hot_dry,Care,NoLCA,DayEve,0_20pct,5864,0.8235,4531.6,-1713.4,7583.2
2030,res_unknown,allSize,hot_dry,Care,NoLCA,DayEve,20_40pct,7476,0.2938,5391.8,3380.4,6846.2
2030,res_unknown,allSize,hot_dry,Care,NoLCA,DayEve,40_60pct,7161,0.1048,7069.4,6138.2,8884.0
2030,res_unknown,allSize,hot_dry,Care,NoLCA,DayEve,60_80pct,7512,0.0505,9244.5,8845.1,7912.0
2030,res_unknown,allSize,hot_dry,Care,NoLCA,DayEve,80_100pct,6955,0.0543,15165.0,14631.1,9828.1
2030,res_unknown,allSize,hot_dry,Care,NoLCA,EarlyEve,0_20pct,7447,0.6679,3243.5,-865.6,6152.2
2030,res_unknown,allSize,hot_dry,Care,NoLCA,EarlyEve,20_40pct,12368,0.1095,4131.8,3544.9,5359.2
2030,res_unknown,allSize,hot_dry,Care,NoLCA,EarlyEve,40_60pct,11902,0.0795,6047.5,5440.8,7627.2
2030,res_unknown,allSize,hot_dry,Care,NoLCA,EarlyEve,60_80pct,11770,0.0777,7661.5,7290.5,4773.2
2030,res_unknown,allSize,hot_dry,Care,NoLCA,EarlyEve,80_100pct,11173,0.0,11025.4,11025.4,
2030,res_unknown,allSize,hot_dry,Care,NoLCA,FlatCool,0_20pct,4422,0.0899,2117.7,1552.3,6291.8
2030,res_unknown,allSize,hot_dry,Care,NoLCA,FlatCool,20_40pct,4342,0.0,3992.5,3992.5,
2030,res_unknown,allSize,hot_dry,Care,NoLCA,FlatCool,40_60pct,4211,0.0,5805.2,5805.2,
2030,res_unknown,allSize,hot_dry,Care,NoLCA,FlatCool,60_80pct,4374,0.0,7833.7,7833.7,
2030,res_unknown,allSize,hot_dry,Care,NoLCA,FlatCool,80_100pct,3988,0.0945,13993.5,12661.5,14101.7
2030,res_unknown,allSize,hot_dry,Care,NoLCA,LateEve,0_20pct,7263,0.1564,2758.4,1654.3,7058.1
2030,res_unknown,allSize,hot_dry,Care,NoLCA,LateEve,20_40pct,7950,0.0257,4832.8,4753.8,3077.0
2030,res_unknown,allSize,hot_dry,Care,NoLCA,LateEve,40_60pct,7849,0.0479,6838.6,6720.7,2460.5
2030,res_unknown,allSize,hot_dry,Care,NoLCA,LateEve,60_80pct,7414,0.0259,9083.1,8799.9,10933.9
2030,res_unknown,allSize,hot_dry,Care,NoLCA,LateEve,80_100pct,6999,0.0298,14585.4,14485.0,3370.9
2030,res_unknown,allSize,hot_dry,Care,NoLCA,MrnEve,0_20pct,2967,0.1578,2097.1,1486.5,3869.8
2030,res_unknown,allSize,hot_dry,Care,NoLCA,MrnEve,20_40pct,3272,0.058,4053.3,3436.1,10642.1
2030,res_unknown,allSize,hot_dry,Care,NoLCA,MrnEve,40_60pct,3244,0.0023,6024.3,6003.6,8966.6
2030,res_unknown,allSize,hot_dry,Care,NoLCA,MrnEve,60_80pct,3369,0.1133,8686.7,7780.3,8000.9
2030,res_unknown,allSize,hot_dry,Care,NoLCA,MrnEve,80_100pct,3065,0.1221,14946.2,14214.5,5990.8
2030,res_unknown,allSize,hot_dry,Care,NoLCA,NiteFlat+Flat,0_25pct,1058,0.0,583.2,583.2,
2030,res_unknown,allSize,hot_dry,Care,NoLCA,NiteFlat+Flat,25_50pct,1091,0.1772,2745.5,2081.0,3749.2
2030,res_unknown,allSize,hot_dry,Care,NoLCA,NiteFlat+Flat,50_75pct,1040,0.0,5297.1,5297.1,
2030,res_unknown,allSize,hot_dry,Care,NoLCA,NiteFlat+Flat,75_100pct,1096,0.174,12151.7,10805.3,7738.9
2030,res_unknown,allSize,hot_dry,Care,NoLCA,NitePeak,0_100pct,1143,0.0208,6311.7,6088.5,10753.1
2030,res_unknown,allSize,hot_dry,Care,North,allLshp,0_25pct,130,1.0,5935.7,-2452.6,8388.2
2030,res_unknown,allSize,hot_dry,Care,North,allLshp,25_50pct,158,0.0255,5813.2,5583.1,9023.9
2030,res_unknown,allSize,hot_dry,Care,North,allLshp,50_75pct,151,0.0,7993.5,7993.5,
2030,res_unknown,allSize,hot_dry,Care,North,allLshp,75_100pct,114,0.0,12033.7,12033.7,
2030,res_unknown,allSize,hot_dry,Care,Sierra,allLshp,0_20pct,14581,0.5629,2982.2,-923.5,6938.2
2030,res_unknown,allSize,hot_dry,Care,Sierra,allLshp,20_40pct,22196,0.1144,4166.9,3463.0,6152.4
2030,res_unknown,allSize,hot_dry,Care,Sierra,allLshp,40_60pct,21845,0.0446,6270.5,5879.9,8761.1
2030,res_unknown,allSize,hot_dry,Care,Sierra,allLshp,60_80pct,21065,0.0547,8807.5,8399.9,7454.0
2030,res_unknown,allSize,hot_dry,Care,Sierra,allLshp,80_100pct,20537,0.0654,16408.9,15772.3,9733.4
2030,res_unknown,allSize,hot_dry,Care,Stockton,allLshp,0_20pct,9846,0.5692,2955.3,-691.2,6406.9
2030,res_unknown,allSize,hot_dry,Care,Stockton,allLshp,20_40pct,15304,0.1247,4268.6,3385.9,7076.2
2030,res_unknown,allSize,hot_dry,Care,Stockton,allLshp,40_60pct,15296,0.0766,6206.9,5630.1,7528.6
2030,res_unknown,allSize,hot_dry,Care,Stockton,allLshp,60_80pct,15087,0.0757,8317.8,7812.6,6675.5
2030,res_unknown,allSize,hot_dry,Care,Stockton,allLshp,80_100pct,14701,0.0405,13080.0,12900.0,4439.9
2030,res_unknown,allSize,hot_dry,nonCare,Bay,AllDay,0_50pct,12470,1.0,9568.4,-12494.6,22063.0
2030,res_unknown,allSize,hot_dry,nonCare,Bay,AllDay,50_100pct,21311,1.0,13628.4,2853.6,10774.7
2030,res_unknown,allSize,hot_dry,nonCare,Bay,DayEve,0_20pct,6426,1.0,10102.3,-12409.7,22512.1
2030,res_unknown,allSize,hot_dry,nonCare,Bay,DayEve,20_40pct,10339,1.0,7968.2,-2193.0,10161.2
2030,res_unknown,allSize,hot_dry,nonCare,Bay,DayEve,40_60pct,10767,0.4824,8200.6,4226.2,8238.0
2030,res_unknown,allSize,hot_dry,nonCare,Bay,DayEve,60_80pct,11362,0.2226,9828.9,7857.9,8856.6
2030,res_unknown,allSize,hot_dry,nonCare,Bay,DayEve,80_100pct,10848,0.1018,17065.9,15974.2,10721.5
2030,res_unknown,allSize,hot_dry,nonCare,Bay,EarlyEve,0_20pct,17396,1.0,6862.9,-8275.7,15138.6
2030,res_unknown,allSize,hot_dry,nonCare,Bay,EarlyEve,20_40pct,28338,0.4535,4309.5,1096.1,7085.3
2030,res_unknown,allSize,hot_dry,nonCare,Bay,EarlyEve,40_60pct,28294,0.1635,5427.5,4247.3,7220.1
2030,res_unknown,allSize,hot_dry,nonCare,Bay,EarlyEve,60_80pct,27772,0.1085,7209.2,6531.2,6251.6
2030,res_unknown,allSize,hot_dry,nonCare,Bay,EarlyEve,80_100pct,26515,0.0827,10987.5,10110.4,10602.9
2030,res_unknown,allSize,hot_dry,nonCare,Bay,FlatCool,0_20pct,7308,0.226,2170.4,-100.6,10046.5
2030,res_unknown,allSize,hot_dry,nonCare,Bay,FlatCool,20_40pct,7376,0.0723,3446.6,2590.6,11833.9
2030,res_unknown,allSize,hot_dry,nonCare,Bay,FlatCool,40_60pct,7091,0.0261,5057.3,4693.6,13952.8
2030,res_unknown,allSize,hot_dry,nonCare,Bay,FlatCool,60_80pct,7022,0.0842,7755.6,7250.4,6001.1
2030,res_unknown,allSize,hot_dry,nonCare,Bay,FlatCool,80_100pct,6895,0.0592,15929.4,15629.2,5066.4
2030,res_unknown,allSize,hot_dry,nonCare,Bay,LateEve,0_20pct,10209,0.9668,4309.4,-2218.1,6751.7
2030,res_unknown,allSize,hot_dry,nonCare,Bay,LateEve,20_40pct,12579,0.2798,5519.3,3639.2,6718.6
2030,res_unknown,allSize,hot_dry,nonCare,Bay,LateEve,40_60pct,12225,0.1923,7962.1,6722.4,6448.1
2030,res_unknown,allSize,hot_dry,nonCare,Bay,LateEve,60_80pct,11125,0.1316,11492.0,10394.4,8341.4
2030,res_unknown,allSize,hot_dry,nonCare,Bay,LateEve,80_100pct,10185,0.1243,18398.7,17564.2,6712.2
2030,res_unknown,allSize,hot_dry,nonCare,Bay,MrnEve,0_20pct,10557,1.0,4917.0,-3278.1,8195.1
2030,res_unknown,allSize,hot_dry,nonCare,Bay,MrnEve,20_40pct,12647,0.2582,4573.0,3118.9,5630.9
2030,res_unknown,allSize,hot_dry,nonCare,Bay,MrnEve,40_60pct,12424,0.1101,6278.9,5630.9,5887.4
2030,res_unknown,allSize,hot_dry,nonCare,Bay,MrnEve,60_80pct,12770,0.1993,8786.3,7232.4,7795.8
2030,res_unknown,allSize,hot_dry,nonCare,Bay,MrnEve,80_100pct,12375,0.1608,14422.1,12478.5,12089.1
2030,res_unknown,allSize,hot_dry,nonCare,Bay,NiteFlat+Flat,0_20pct,5441,0.0124,211.6,158.2,4306.1
2030,res_unknown,allSize,hot_dry,nonCare,Bay,NiteFlat+Flat,20_40pct,5598,0.0,420.2,420.2,
2030,res_unknown,allSize,hot_dry,nonCare,Bay,NiteFlat+Flat,40_60pct,5542,0.0334,1165.8,1055.2,3314.4
2030,res_unknown,allSize,hot_dry,nonCare,Bay,NiteFlat+Flat,60_80pct,5192,0.0,2192.9,2192.9,
2030,res_unknown,allSize,hot_dry,nonCare,Bay,NiteFlat+Flat,80_100pct,5336,0.0411,19374.0,18798.7,14010.5
2030,res_unknown,allSize,hot_dry,nonCare,Bay,NitePeak,0_20pct,3287,1.0,7696.8,-1501.6,9198.4
2030,res_unknown,allSize,hot_dry,nonCare,Bay,NitePeak,20_40pct,2882,0.7614,9249.6,3602.5,7416.6
2030,res_unknown,allSize,hot_dry,nonCare,Bay,NitePeak,40_60pct,2077,0.7132,12772.8,7267.0,7719.3
2030,res_unknown,allSize,hot_dry,nonCare,Bay,NitePeak,60_80pct,2116,0.4388,16473.7,12703.9,8591.6
2030,res_unknown,allSize,hot_dry,nonCare,Bay,NitePeak,80_100pct,2016,0.3982,25848.2,22275.2,8972.0
2030,res_unknown,allSize,hot_dry,nonCare,Fresno,AllDay,0_50pct,11077,1.0,11660.8,-18374.1,30034.9
2030,res_unknown,allSize,hot_dry,nonCare,Fresno,AllDay,50_100pct,17575,1.0,14248.1,-4107.9,18356.1
2030,res_unknown,allSize,hot_dry,nonCare,Fresno,DayEve,0_20pct,8260,1.0,10819.9,-13819.6,24639.5
2030,res_unknown,allSize,hot_dry,nonCare,Fresno,DayEve,20_40pct,10342,1.0,9996.4,-4803.1,14799.5
2030,res_unknown,allSize,hot_dry,nonCare,Fresno,DayEve,40_60pct,10300,0.6753,9773.9,2541.0,10711.1
2030,res_unknown,allSize,hot_dry,nonCare,Fresno,DayEve,60_80pct,10347,0.2899,11170.8,7621.0,12246.1
2030,res_unknown,allSize,hot_dry,nonCare,Fresno,DayEve,80_100pct,10427,0.2362,17310.7,14233.8,13028.7
2030,res_unknown,allSize,hot_dry,nonCare,Fresno,EarlyEve,0_20pct,12327,1.0,5523.5,-7332.8,12856.3
2030,res_unknown,allSize,hot_dry,nonCare,Fresno,EarlyEve,20_40pct,16360,0.8278,5913.5,-1301.2,8715.8
2030,res_unknown,allSize,hot_dry,nonCare,Fresno,EarlyEve,40_60pct,15910,0.279,6329.9,4119.3,7923.5
2030,res_unknown,allSize,hot_dry,nonCare,Fresno,EarlyEve,60_80pct,16359,0.127,8105.5,7152.1,7509.4
2030,res_unknown,allSize,hot_dry,nonCare,Fresno,EarlyEve,80_100pct,16117,0.0771,12051.1,11284.3,9945.8
2030,res_unknown,allSize,hot_dry,nonCare,Fresno,Flat,0_20pct,2651,0.0,394.5,394.5,
2030,res_unknown,allSize,hot_dry,nonCare,Fresno,Flat,20_40pct,2731,0.0,1027.8,1027.8,
2030,res_unknown,allSize,hot_dry,nonCare,Fresno,Flat,40_60pct,2685,0.0,1599.2,1599.2,
2030,res_unknown,allSize,hot_dry,nonCare,Fresno,Flat,60_80pct,2760,0.0,2349.4,2349.4,
2030,res_unknown,allSize,hot_dry,nonCare,Fresno,Flat,80_100pct,2692,0.0,8204.0,8204.0,
2030,res_unknown,allSize,hot_dry,nonCare,Fresno,FlatCool,0_20pct,6505,0.0674,1367.2,591.9,11509.7
2030,res_unknown,allSize,hot_dry,nonCare,Fresno,FlatCool,20_40pct,6375,0.0583,3093.7,2696.8,6809.6
2030,res_unknown,allSize,hot_dry,nonCare,Fresno,FlatCool,40_60pct,6125,0.1,5530.7,4438.4,10920.2
2030,res_unknown,allSize,hot_dry,nonCare,Fresno,FlatCool,60_80pct,6333,0.3183,9285.1,5900.7,10631.5
2030,res_unknown,allSize,hot_dry,nonCare,Fresno,FlatCool,80_100pct,6341,0.181,17707.1,15733.1,10909.3
2030,res_unknown,allSize,hot_dry,nonCare,Fresno,LateEve,0_20pct,11745,0.4691,2481.2,-2289.3,10169.7
2030,res_unknown,allSize,hot_dry,nonCare,Fresno,LateEve,20_40pct,12179,0.5032,5204.1,1353.6,7652.0
2030,res_unknown,allSize,hot_dry,nonCare,Fresno,LateEve,40_60pct,11671,0.3428,8057.2,5199.7,8335.9
2030,res_unknown,allSize,hot_dry,nonCare,Fresno,LateEve,60_80pct,11905,0.1091,10723.0,9882.7,7698.3
2030,res_unknown,allSize,hot_dry,nonCare,Fresno,LateEve,80_100pct,11026,0.1408,18503.6,17589.4,6494.9
2030,res_unknown,allSize,hot_dry,nonCare,Fresno,MrnEve,0_20pct,7035,1.0,8820.0,-7940.9,16760.9
2030,res_unknown,allSize,hot_dry,nonCare,Fresno,MrnEve,20_40pct,8408,0.3789,6092.3,2909.0,8401.8
2030,res_unknown,allSize,hot_dry,nonCare,Fresno,MrnEve,40_60pct,8262,0.3178,8556.2,5792.3,8697.7
2030,res_unknown,allSize,hot_dry,nonCare,Fresno,MrnEve,60_80pct,8734,0.1913,10944.8,9502.3,7539.3
2030,res_unknown,allSize,hot_dry,nonCare,Fresno,MrnEve,80_100pct,8390,0.1418,17777.6,16677.3,7759.3
2030,res_unknown,allSize,hot_dry,nonCare,Fresno,NiteFlat,0_20pct,2831,0.0619,273.5,-67.7,5514.9
2030,res_unknown,allSize,hot_dry,nonCare,Fresno,NiteFlat,20_40pct,2731,0.0,476.6,476.6,
2030,res_unknown,allSize,hot_dry,nonCare,Fresno,NiteFlat,40_60pct,2797,0.0,1272.9,1272.9,
2030,res_unknown,allSize,hot_dry,nonCare,Fresno,NiteFlat,60_80pct,2822,0.1317,2869.2,1913.6,7257.5
2030,res_unknown,allSize,hot_dry,nonCare,Fresno,NiteFlat,80_100pct,2883,0.1244,9537.7,7823.0,13783.4
2030,res_unknown,allSize,hot_dry,nonCare,Fresno,NitePeak,0_20pct,1140,0.4552,4403.3,278.8,9060.9
2030,res_unknown,allSize,hot_dry,nonCare,Fresno,NitePeak,20_40pct,1077,0.2945,6040.6,3001.0,10322.4
2030,res_unknown,allSize,hot_dry,nonCare,Fresno,NitePeak,40_60pct,1009,0.1217,8891.0,7302.0,13054.5
2030,res_unknown,allSize,hot_dry,nonCare,Fresno,NitePeak,60_80pct,941,0.1652,14482.0,13128.1,8195.6
2030,res_unknown,allSize,hot_dry,nonCare,Fresno,NitePeak,80_100pct,760,0.4093,24473.6,17406.8,17264.6
2030,res_unknown,allSize,hot_dry,nonCare,Kern,AllDay,0_50pct,6802,1.0,12144.9,-18530.8,30675.7
2030,res_unknown,allSize,hot_dry,nonCare,Kern,AllDay,50_100pct,7500,1.0,14363.0,-5828.9,20191.9
2030,res_unknown,allSize,hot_dry,nonCare,Kern,DayEve,0_20pct,3839,1.0,11740.7,-16239.8,27980.5
2030,res_unknown,allSize,hot_dry,nonCare,Kern,DayEve,20_40pct,3962,1.0,11633.8,-7810.4,19444.2
2030,res_unknown,allSize,hot_dry,nonCare,Kern,DayEve,40_60pct,4102,0.5747,9818.6,2800.2,12211.5
2030,res_unknown,allSize,hot_dry,nonCare,Kern,DayEve,60_80pct,4040,0.3651,11034.5,8263.5,7590.0
2030,res_unknown,allSize,hot_dry,nonCare,Kern,DayEve,80_100pct,4076,0.139,15346.0,14358.2,7104.3
2030,res_unknown,allSize,hot_dry,nonCare,Kern,EarlyEve,0_20pct,2870,1.0,9289.0,-14174.1,23463.1
2030,res_unknown,allSize,hot_dry,nonCare,Kern,EarlyEve,20_40pct,3228,0.7332,5875.4,-1642.7,10254.1
2030,res_unknown,allSize,hot_dry,nonCare,Kern,EarlyEve,40_60pct,3079,0.3057,6505.5,3918.7,8460.6
2030,res_unknown,allSize,hot_dry,nonCare,Kern,EarlyEve,60_80pct,3131,0.2356,8001.2,6296.2,7235.5
2030,res_unknown,allSize,hot_dry,nonCare,Kern,EarlyEve,80_100pct,3019,0.1853,11681.7,10700.7,5293.6
2030,res_unknown,allSize,hot_dry,nonCare,Kern,FlatCool,0_20pct,1945,0.235,3106.9,-417.3,14995.8
2030,res_unknown,allSize,hot_dry,nonCare,Kern,FlatCool,20_40pct,1901,0.0949,4702.8,3826.0,9240.6
2030,res_unknown,allSize,hot_dry,nonCare,Kern,FlatCool,40_60pct,1712,0.3094,8058.7,5470.2,8365.9
2030,res_unknown,allSize,hot_dry,nonCare,Kern,FlatCool,60_80pct,1877,0.0,9042.9,9042.9,
2030,res_unknown,allSize,hot_dry,nonCare,Kern,FlatCool,80_100pct,1952,0.2739,18776.1,14640.6,15100.1
2030,res_unknown,allSize,hot_dry,nonCare,Kern,LateEve,0_20pct,3168,1.0,6631.5,-8030.0,14661.6
2030,res_unknown,allSize,hot_dry,nonCare,Kern,LateEve,20_40pct,3289,0.6699,6875.2,955.3,8836.4
2030,res_unknown,allSize,hot_dry,nonCare,Kern,LateEve,40_60pct,3431,0.2065,7175.0,6411.6,3696.9
2030,res_unknown,allSize,hot_dry,nonCare,Kern,LateEve,60_80pct,3157,0.1305,10558.0,9331.1,9400.6
2030,res_unknown,allSize,hot_dry,nonCare,Kern,LateEve,80_100pct,3130,0.0877,15162.7,14702.0,5252.4
2030,res_unknown,allSize,hot_dry,nonCare,Kern,MrnEve,0_20pct,2524,1.0,7559.0,-4921.2,12480.2
2030,res_unknown,allSize,hot_dry,nonCare,Kern,MrnEve,20_40pct,2583,0.2734,6706.4,4733.6,7217.0
2030,res_unknown,allSize,hot_dry,nonCare,Kern,MrnEve,40_60pct,2598,0.0,7766.5,7766.5,
2030,res_unknown,allSize,hot_dry,nonCare,Kern,MrnEve,60_80pct,2582,0.1367,10169.0,9329.9,6139.5
2030,res_unknown,allSize,hot_dry,nonCare,Kern,MrnEve,80_100pct,2450,0.072,17019.4,16333.6,9518.6
2030,res_unknown,allSize,hot_dry,nonCare,Kern,NiteFlat+Flat,0_20pct,1676,0.0,166.7,166.7,
2030,res_unknown,allSize,hot_dry,nonCare,Kern,NiteFlat+Flat,20_40pct,1609,0.0,309.7,309.7,
2030,res_unknown,allSize,hot_dry,nonCare,Kern,NiteFlat+Flat,40_60pct,1607,0.0,819.2,819.2,
2030,res_unknown,allSize,hot_dry,nonCare,Kern,NiteFlat+Flat,60_80pct,1585,0.0,1672.7,1672.7,
2030,res_unknown,allSize,hot_dry,nonCare,Kern,NiteFlat+Flat,80_100pct,1631,0.0,7718.6,7718.6,
2030,res_unknown,allSize,hot_dry,nonCare,Kern,NitePeak,0_100pct,981,0.5307,12822.8,8066.6,8962.3
2030,res_unknown,allSize,hot_dry,nonCare,NoLCA,AllDay,0_50pct,9754,1.0,10313.6,-15647.9,25961.5
2030,res_unknown,allSize,hot_dry,nonCare,NoLCA,AllDay,50_100pct,16400,1.0,13842.2,-2074.1,15916.3
2030,res_unknown,allSize,hot_dry,nonCare,NoLCA,DayEve,0_20pct,6753,1.0,11280.7,-15978.4,27259.2
2030,res_unknown,allSize,hot_dry,nonCare,NoLCA,DayEve,20_40pct,9475,1.0,8500.4,-3409.9,11910.4
2030,res_unknown,allSize,hot_dry,nonCare,NoLCA,DayEve,40_60pct,9551,0.1606,7191.9,5807.4,8619.0
2030,res_unknown,allSize,hot_dry,nonCare,NoLCA,DayEve,60_80pct,9456,0.2356,10417.5,7889.7,10728.5
2030,res_unknown,allSize,hot_dry,nonCare,NoLCA,DayEve,80_100pct,9601,0.1775,15679.8,13333.5,13217.7
2030,res_unknown,allSize,hot_dry,nonCare,NoLCA,EarlyEve,0_20pct,13078,1.0,6018.0,-8589.1,14607.1
2030,res_unknown,allSize,hot_dry,nonCare,NoLCA,EarlyEve,20_40pct,18796,0.6537,4905.7,-77.0,7622.4
2030,res_unknown,allSize,hot_dry,nonCare,NoLCA,EarlyEve,40_60pct,18864,0.2075,5754.9,4423.6,6417.3
2030,res_unknown,allSize,hot_dry,nonCare,NoLCA,EarlyEve,60_80pct,18475,0.1168,7737.8,6799.0,8035.8
2030,res_unknown,allSize,hot_dry,nonCare,NoLCA,EarlyEve,80_100pct,18326,0.0843,11185.2,10746.1,5210.7
2030,res_unknown,allSize,hot_dry,nonCare,NoLCA,Flat,0_20pct,4107,0.0,440.2,440.2,
2030,res_unknown,allSize,hot_dry,nonCare,NoLCA,Flat,20_40pct,4003,0.0,1027.3,1027.3,
2030,res_unknown,allSize,hot_dry,nonCare,NoLCA,Flat,40_60pct,3934,0.0,1733.5,1733.5,
2030,res_unknown,allSize,hot_dry,nonCare,NoLCA,Flat,60_80pct,3960,0.0,2807.1,2807.1,
2030,res_unknown,allSize,hot_dry,nonCare,NoLCA,Flat,80_100pct,3937,0.0,10464.7,10464.7,
2030,res_unknown,allSize,hot_dry,nonCare,NoLCA,FlatCool,0_20pct,7984,0.0932,1451.1,308.8,12252.9
2030,res_unknown,allSize,hot_dry,nonCare,NoLCA,FlatCool,20_40pct,8275,0.1443,3463.9,2146.9,9125.2
2030,res_unknown,allSize,hot_dry,nonCare,NoLCA,FlatCool,40_60pct,8241,0.0678,5308.5,4753.2,8195.5
2030,res_unknown,allSize,hot_dry,nonCare,NoLCA,FlatCool,60_80pct,8337,0.1124,8367.5,7221.5,10192.4
2030,res_unknown,allSize,hot_dry,nonCare,NoLCA,FlatCool,80_100pct,8112,0.1726,19496.9,17885.3,9338.9
2030,res_unknown,allSize,hot_dry,nonCare,NoLCA,LateEve,0_20pct,10431,0.2488,1105.2,-1264.4,9522.5
2030,res_unknown,allSize,hot_dry,nonCare,NoLCA,LateEve,20_40pct,11202,0.4383,4057.3,173.1,8862.1
2030,res_unknown,allSize,hot_dry,nonCare,NoLCA,LateEve,40_60pct,10848,0.2244,6146.2,4025.3,9450.5
2030,res_unknown,allSize,hot_dry,nonCare,NoLCA,LateEve,60_80pct,10005,0.2777,9476.9,7123.0,8477.6
2030,res_unknown,allSize,hot_dry,nonCare,NoLCA,LateEve,80_100pct,9488,0.0757,14962.8,14605.5,4721.2
2030,res_unknown,allSize,hot_dry,nonCare,NoLCA,MrnEve,0_20pct,7751,1.0,7152.8,-6429.4,13582.2
2030,res_unknown,allSize,hot_dry,nonCare,NoLCA,MrnEve,20_40pct,8906,0.3614,5917.8,2015.6,10798.0
2030,res_unknown,allSize,hot_dry,nonCare,NoLCA,MrnEve,40_60pct,8893,0.2358,7657.2,5203.6,10406.6
2030,res_unknown,allSize,hot_dry,nonCare,NoLCA,MrnEve,60_80pct,8719,0.1968,10642.1,7854.6,14167.6
2030,res_unknown,allSize,hot_dry,nonCare,NoLCA,MrnEve,80_100pct,8908,0.2157,16547.0,14808.8,8056.8
2030,res_unknown,allSize,hot_dry,nonCare,NoLCA,NiteFlat,0_100pct,12426,0.0502,3277.7,2729.3,10925.2
2030,res_unknown,allSize,hot_dry,nonCare,NoLCA,NitePeak,0_20pct,891,0.4062,4397.8,746.6,8989.7
2030,res_unknown,allSize,hot_dry,nonCare,NoLCA,NitePeak,20_40pct,907,0.2289,7188.8,4004.1,13915.2
2030,res_unknown,allSize,hot_dry,nonCare,NoLCA,NitePeak,40_60pct,906,0.2369,10638.4,8789.8,7802.6
2030,res_unknown,allSize,hot_dry,nonCare,NoLCA,NitePeak,60_80pct,706,0.4423,16369.4,13461.2,6575.5
2030,res_unknown,allSize,hot_dry,nonCare,NoLCA,NitePeak,80_100pct,538,0.2862,24364.8,21714.7,9258.5
2030,res_unknown,allSize,hot_dry,nonCare,North,allLshp,0_20pct,591,1.0,14248.1,-16091.0,30339.1
2030,res_unknown,allSize,hot_dry,nonCare,North,allLshp,20_40pct,799,0.4173,5808.2,2403.9,8158.2
2030,res_unknown,allSize,hot_dry,nonCare,North,allLshp,40_60pct,792,0.2436,7960.8,6191.0,7264.7
2030,res_unknown,allSize,hot_dry,nonCare,North,allLshp,60_80pct,606,0.0463,10309.3,9849.6,9933.6
2030,res_unknown,allSize,hot_dry,nonCare,North,allLshp,80_100pct,422,0.0153,18083.1,17989.4,6123.7
2030,res_unknown,allSize,hot_dry,nonCare,Sierra,AllDay,0_50pct,10306,1.0,25560.5,-42620.2,68180.6
2030,res_unknown,allSize,hot_dry,nonCare,Sierra,AllDay,50_100pct,14557,1.0,15381.0,-605.7,15986.7
2030,res_unknown,allSize,hot_dry,nonCare,Sierra,DayEve,0_20pct,6512,1.0,20281.9,-31246.8,51528.7
2030,res_unknown,allSize,hot_dry,nonCare,Sierra,DayEve,20_40pct,9853,1.0,8563.3,-2086.8,10650.1
2030,res_unknown,allSize,hot_dry,nonCare,Sierra,DayEve,40_60pct,10055,0.6762,9404.4,3871.3,8182.1
2030,res_unknown,allSize,hot_dry,nonCare,Sierra,DayEve,60_80pct,10110,0.379,11593.2,8413.3,8390.3
2030,res_unknown,allSize,hot_dry,nonCare,Sierra,DayEve,80_100pct,9752,0.2974,19396.7,16552.7,9562.1
2030,res_unknown,allSize,hot_dry,nonCare,Sierra,EarlyEve,0_20pct,12806,1.0,30157.2,-55774.6,85931.8
2030,res_unknown,allSize,hot_dry,nonCare,Sierra,EarlyEve,20_40pct,18763,1.0,6359.4,-1874.9,8234.4
2030,res_unknown,allSize,hot_dry,nonCare,Sierra,EarlyEve,40_60pct,18970,0.2417,6220.5,4453.6,7309.2
2030,res_unknown,allSize,hot_dry,nonCare,Sierra,EarlyEve,60_80pct,18606,0.168,8367.2,7091.0,7596.5
2030,res_unknown,allSize,hot_dry,nonCare,Sierra,EarlyEve,80_100pct,18866,0.0939,12515.8,11794.2,7687.1
2030,res_unknown,allSize,hot_dry,nonCare,Sierra,Flat,0_20pct,2799,0.0,495.7,495.7,
2030,res_unknown,allSize,hot_dry,nonCare,Sierra,Flat,20_40pct,2760,0.0,1198.9,1198.9,
2030,res_unknown,allSize,hot_dry,nonCare,Sierra,Flat,40_60pct,2675,0.0,2119.2,2119.2,
2030,res_unknown,allSize,hot_dry,nonCare,Sierra,Flat,60_80pct,2686,0.0,3293.4,3293.4,
2030,res_unknown,allSize,hot_dry,nonCare,Sierra,Flat,80_100pct,2704,0.0,8464.3,8464.3,
2030,res_unknown,allSize,hot_dry,nonCare,Sierra,FlatCool,0_20pct,7405,0.1452,3312.7,-4275.2,52272.1
2030,res_unknown,allSize,hot_dry,nonCare,Sierra,FlatCool,20_40pct,7268,0.0769,3295.7,2741.0,7217.1
2030,res_unknown,allSize,hot_dry,nonCare,Sierra,FlatCool,40_60pct,7301,0.1067,5710.7,4750.0,9002.4
2030,res_unknown,allSize,hot_dry,nonCare,Sierra,FlatCool,60_80pct,7198,0.128,8670.9,7687.6,7682.4
2030,res_unknown,allSize,hot_dry,nonCare,Sierra,FlatCool,80_100pct,7053,0.2122,19341.8,17580.6,8301.2
2030,res_unknown,allSize,hot_dry,nonCare,Sierra,LateEve,0_20pct,8965,0.5537,3953.3,-5749.7,17524.7
2030,res_unknown,allSize,hot_dry,nonCare,Sierra,LateEve,20_40pct,9191,0.6081,5102.3,72.8,8270.9
2030,res_unknown,allSize,hot_dry,nonCare,Sierra,LateEve,40_60pct,9292,0.3061,7281.9,4648.0,8605.1
2030,res_unknown,allSize,hot_dry,nonCare,Sierra,LateEve,60_80pct,8742,0.1006,9655.6,8856.4,7946.2
2030,res_unknown,allSize,hot_dry,nonCare,Sierra,LateEve,80_100pct,7961,0.1486,17603.0,16491.5,7481.0
2030,res_unknown,allSize,hot_dry,nonCare,Sierra,MrnEve,0_20pct,8760,1.0,12262.0,-15530.8,27792.7
2030,res_unknown,allSize,hot_dry,nonCare,Sierra,MrnEve,20_40pct,11007,0.4733,6371.6,2164.3,8889.9
2030,res_unknown,allSize,hot_dry,nonCare,Sierra,MrnEve,40_60pct,10754,0.2283,7929.2,6250.0,7355.1
2030,res_unknown,allSize,hot_dry,nonCare,Sierra,MrnEve,60_80pct,10853,0.2005,10863.0,9512.3,6737.1
2030,res_unknown,allSize,hot_dry,nonCare,Sierra,MrnEve,80_100pct,10713,0.1452,17679.6,16402.1,8796.8
2030,res_unknown,allSize,hot_dry,nonCare,Sierra,NiteFlat,0_20pct,1695,0.0515,445.0,-213.7,12781.7
2030,res_unknown,allSize,hot_dry,nonCare,Sierra,NiteFlat,20_40pct,1686,0.0215,466.0,387.2,3675.5
2030,res_unknown,allSize,hot_dry,nonCare,Sierra,NiteFlat,40_60pct,1740,0.1109,1183.9,711.2,4261.2
2030,res_unknown,allSize,hot_dry,nonCare,Sierra,NiteFlat,60_80pct,1713,0.0,1958.9,1958.9,
2030,res_unknown,allSize,hot_dry,nonCare,Sierra,NiteFlat,80_100pct,1680,0.1125,7039.0,5885.1,10260.5
2030,res_unknown,allSize,hot_dry,nonCare,Sierra,NitePeak,0_20pct,897,1.0,19988.5,-13708.5,33697.0
2030,res_unknown,allSize,hot_dry,nonCare,Sierra,NitePeak,20_40pct,827,0.8509,11373.0,2522.7,10401.1
2030,res_unknown,allSize,hot_dry,nonCare,Sierra,NitePeak,40_60pct,712,0.6872,14150.2,8361.4,8424.2
2030,res_unknown,allSize,hot_dry,nonCare,Sierra,NitePeak,60_80pct,640,0.5982,19030.6,12747.3,10503.1
2030,res_unknown,allSize,hot_dry,nonCare,Sierra,NitePeak,80_100pct,592,0.3308,27766.6,24445.8,10038.1
2030,res_unknown,allSize,hot_dry,nonCare,Stockton,AllDay,0_50pct,3138,1.0,10016.5,-15684.4,25701.0
2030,res_unknown,allSize,hot_dry,nonCare,Stockton,AllDay,50_100pct,7142,1.0,13644.2,-4250.7,17894.9
2030,res_unknown,allSize,hot_dry,nonCare,Stockton,DayEve,0_20pct,2456,1.0,11780.6,-12922.7,24703.3
2030,res_unknown,allSize,hot_dry,nonCare,Stockton,DayEve,20_40pct,3877,0.7401,7226.2,1042.6,8355.5
2030,res_unknown,allSize,hot_dry,nonCare,Stockton,DayEve,40_60pct,4002,0.2771,8003.6,6266.0,6271.7
2030,res_unknown,allSize,hot_dry,nonCare,Stockton,DayEve,60_80pct,4070,0.273,11129.8,8923.2,8082.9
2030,res_unknown,allSize,hot_dry,nonCare,Stockton,DayEve,80_100pct,3980,0.2304,16119.9,13974.4,9313.3
2030,res_unknown,allSize,hot_dry,nonCare,Stockton,EarlyEve,0_20pct,5039,1.0,4507.8,-5934.7,10442.5
2030,res_unknown,allSize,hot_dry,nonCare,Stockton,EarlyEve,20_40pct,7714,0.4955,4818.2,856.2,7995.8
2030,res_unknown,allSize,hot_dry,nonCare,Stockton,EarlyEve,40_60pct,7546,0.1552,6063.4,4717.4,8673.2
2030,res_unknown,allSize,hot_dry,nonCare,Stockton,EarlyEve,60_80pct,7709,0.0767,8127.7,7241.5,11556.5
2030,res_unknown,allSize,hot_dry,nonCare,Stockton,EarlyEve,80_100pct,7314,0.0761,11898.3,11450.4,5887.7
2030,res_unknown,allSize,hot_dry,nonCare,Stockton,FlatCool,0_20pct,4118,0.0592,972.4,769.7,3425.6
2030,res_unknown,allSize,hot_dry,nonCare,Stockton,FlatCool,20_40pct,4003,0.0152,2862.3,2629.1,15357.2
2030,res_unknown,allSize,hot_dry,nonCare,Stockton,FlatCool,40_60pct,4004,0.0921,5169.0,4296.5,9477.4
2030,res_unknown,allSize,hot_dry,nonCare,Stockton,FlatCool,60_80pct,3950,0.2809,8780.0,5786.2,10657.7
2030,res_unknown,allSize,hot_dry,nonCare,Stockton,FlatCool,80_100pct,4058,0.0904,17682.8,16968.3,7906.0
2030,res_unknown,allSize,hot_dry,nonCare,Stockton,LateEve,0_20pct,4511,0.3389,1902.1,-1215.3,9198.9
2030,res_unknown,allSize,hot_dry,nonCare,Stockton,LateEve,20_40pct,4821,0.4203,5048.0,2298.9,6540.2
2030,res_unknown,allSize,hot_dry,nonCare,Stockton,LateEve,40_60pct,4719,0.2802,7291.0,5286.3,7154.9
2030,res_unknown,allSize,hot_dry,nonCare,Stockton,LateEve,60_80pct,4716,0.0927,9616.9,8717.4,9700.5
2030,res_unknown,allSize,hot_dry,nonCare,Stockton,LateEve,80_100pct,4704,0.0525,15543.0,15189.4,6736.1
2030,res_unknown,allSize,hot_dry,nonCare,Stockton,MrnEve,0_20pct,3713,1.0,5307.0,-4110.4,9417.4
2030,res_unknown,allSize,hot_dry,nonCare,Stockton,MrnEve,20_40pct,4064,0.2267,5266.5,4130.4,5011.1
2030,res_unknown,allSize,hot_dry,nonCare,Stockton,MrnEve,40_60pct,4138,0.1345,7985.0,6029.6,14539.7
2030,res_unknown,allSize,hot_dry,nonCare,Stockton,MrnEve,60_80pct,4201,0.0886,10138.0,9231.8,10229.6
2030,res_unknown,allSize,hot_dry,nonCare,Stockton,MrnEve,80_100pct,3935,0.1398,17429.6,16214.6,8690.1
2030,res_unknown,allSize,hot_dry,nonCare,Stockton,NiteFlat+Flat,0_20pct,3220,0.0181,568.8,268.2,16577.5
2030,res_unknown,allSize,hot_dry,nonCare,Stockton,NiteFlat+Flat,20_40pct,3072,0.0,1166.0,1166.0,
2030,res_unknown,allSize,hot_dry,nonCare,Stockton,NiteFlat+Flat,40_60pct,3213,0.0,1816.4,1816.4,
2030,res_unknown,allSize,hot_dry,nonCare,Stockton,NiteFlat+Flat,60_80pct,3090,0.0,2807.0,2807.0,
2030,res_unknown,allSize,hot_dry,nonCare,Stockton,NiteFlat+Flat,80_100pct,3007,0.0244,10454.8,10386.1,2817.0
2030,res_unknown,allSize,hot_dry,nonCare,Stockton,NitePeak,0_50pct,1151,0.313,5349.5,2977.5,7577.2
2030,res_unknown,allSize,hot_dry,nonCare,Stockton,NitePeak,50_100pct,554,0.4137,14210.4,10709.3,8462.3
2030,res_unknown,allSize,marine,Care,Bay,AllDay,0_100pct,4588,1.0,7098.3,1058.2,6040.0
2030,res_unknown,allSize,marine,Care,Bay,DayEve,0_20pct,6327,0.417,2040.1,-581.6,6287.5
2030,res_unknown,allSize,marine,Care,Bay,DayEve,20_40pct,13525,0.0987,2496.3,1901.5,6025.1
2030,res_unknown,allSize,marine,Care,Bay,DayEve,40_60pct,13217,0.0868,3759.8,3296.8,5331.1
2030,res_unknown,allSize,marine,Care,Bay,DayEve,60_80pct,12886,0.0598,5354.9,5134.6,3683.3
2030,res_unknown,allSize,marine,Care,Bay,DayEve,80_100pct,12681,0.0631,9014.8,8709.6,4839.1
2030,res_unknown,allSize,marine,Care,Bay,EarlyEve,0_20pct,16657,0.2945,1886.6,289.0,5424.2
2030,res_unknown,allSize,marine,Care,Bay,EarlyEve,20_40pct,26752,0.0506,2491.5,2277.5,4225.0
2030,res_unknown,allSize,marine,Care,Bay,EarlyEve,40_60pct,26232,0.0111,3491.1,3422.2,6201.9
2030,res_unknown,allSize,marine,Care,Bay,EarlyEve,60_80pct,24850,0.0317,4962.1,4810.8,4770.4
2030,res_unknown,allSize,marine,Care,Bay,EarlyEve,80_100pct,23724,0.018,8112.7,8046.0,3709.7
2030,res_unknown,allSize,marine,Care,Bay,Flat,0_50pct,5325,0.0006,1293.7,1289.0,8296.0
2030,res_unknown,allSize,marine,Care,Bay,Flat,50_100pct,5156,0.0,7382.4,7382.4,
2030,res_unknown,allSize,marine,Care,Bay,FlatCool,0_20pct,9701,0.0246,1296.5,1118.5,7227.8
2030,res_unknown,allSize,marine,Care,Bay,FlatCool,20_40pct,10316,0.0368,2570.2,2455.1,3128.6
2030,res_unknown,allSize,marine,Care,Bay,FlatCool,40_60pct,10438,0.0361,3982.5,3744.7,6589.3
2030,res_unknown,allSize,marine,Care,Bay,FlatCool,60_80pct,9646,0.0193,5621.1,5544.1,3982.4
2030,res_unknown,allSize,marine,Care,Bay,FlatCool,80_100pct,10042,0.0569,8974.5,8830.9,2523.1
2030,res_unknown,allSize,marine,Care,Bay,LateEve,0_20pct,15840,0.0741,47096.5,46729.9,4946.4
2030,res_unknown,allSize,marine,Care,Bay,LateEve,20_40pct,18815,0.0391,3038.2,2919.4,3037.2
2030,res_unknown,allSize,marine,Care,Bay,LateEve,40_60pct,18055,0.0339,4457.1,4259.2,5836.2
2030,res_unknown,allSize,marine,Care,Bay,LateEve,60_80pct,16358,0.0628,6265.8,6029.9,3756.4
2030,res_unknown,allSize,marine,Care,Bay,LateEve,80_100pct,14987,0.0406,10366.6,10145.7,5439.2
2030,res_unknown,allSize,marine,Care,Bay,MrnEve,0_20pct,13114,0.2221,1690.4,669.3,4597.2
2030,res_unknown,allSize,marine,Care,Bay,MrnEve,20_40pct,16390,0.0484,2568.2,2355.5,4391.4
2030,res_unknown,allSize,marine,Care,Bay,MrnEve,40_60pct,15638,0.0244,3666.1,3518.3,6056.7
2030,res_unknown,allSize,marine,Care,Bay,MrnEve,60_80pct,15341,0.049,5124.1,4894.1,4692.5
2030,res_unknown,allSize,marine,Care,Bay,MrnEve,80_100pct,15167,0.0382,7867.6,7478.0,10199.9
2030,res_unknown,allSize,marine,Care,Bay,NiteFlat,0_100pct,1819,0.0101,4240.7,4143.8,9581.1
2030,res_unknown,allSize,marine,Care,Bay,NitePeak,0_20pct,3432,0.0063,1779.7,1731.2,7691.6
2030,res_unknown,allSize,marine,Care,Bay,NitePeak,20_40pct,3489,0.0011,3130.4,3124.9,4982.5
2030,res_unknown,allSize,marine,Care,Bay,NitePeak,40_60pct,2690,0.0051,4802.9,4765.5,7310.0
2030,res_unknown,allSize,marine,Care,Bay,NitePeak,60_80pct,2482,0.0851,6940.7,6768.2,2027.2
2030,res_unknown,allSize,marine,Care,Bay,NitePeak,80_100pct,1427,0.0497,20554.6,20385.0,3409.1
2030,res_unknown,allSize,marine,Care,Humboldt,DayEve,0_50pct,854,0.4543,3522.7,1338.6,4807.5
2030,res_unknown,allSize,marine,Care,Humboldt,DayEve,50_100pct,730,0.0,8763.8,8763.8,
2030,res_unknown,allSize,marine,Care,Humboldt,EarlyEve,0_20pct,944,0.2231,1867.7,563.6,5845.8
2030,res_unknown,allSize,marine,Care,Humboldt,EarlyEve,20_40pct,1029,0.0,3048.9,3048.9,
2030,res_unknown,allSize,marine,Care,Humboldt,EarlyEve,40_60pct,1258,0.0,4963.7,4963.7,
2030,res_unknown,allSize,marine,Care,Humboldt,EarlyEve,60_80pct,1008,0.0,6964.7,6964.7,
2030,res_unknown,allSize,marine,Care,Humboldt,EarlyEve,80_100pct,758,0.0,11608.3,11608.3,
2030,res_unknown,allSize,marine,Care,Humboldt,Flat,0_100pct,978,0.0,2937.7,2937.7,
2030,res_unknown,allSize,marine,Care,Humboldt,FlatCool+AllDay,0_20pct,853,0.0364,1303.3,1123.2,4952.7
2030,res_unknown,allSize,marine,Care,Humboldt,FlatCool+AllDay,20_40pct,1015,0.0,2986.5,2986.5,
2030,res_unknown,allSize,marine,Care,Humboldt,FlatCool+AllDay,40_60pct,862,0.0,4536.8,4536.8,
2030,res_unknown,allSize,marine,Care,Humboldt,FlatCool+AllDay,60_80pct,931,0.0,5995.1,5995.1,
2030,res_unknown,allSize,marine,Care,Humboldt,FlatCool+AllDay,80_100pct,663,0.29,15602.0,14258.9,4631.1
2030,res_unknown,allSize,marine,Care,Humboldt,LateEve+NitePeak,0_20pct,1009,0.0154,2177.9,2130.9,3057.8
2030,res_unknown,allSize,marine,Care,Humboldt,LateEve+NitePeak,20_40pct,868,0.0,3496.3,3496.3,
2030,res_unknown,allSize,marine,Care,Humboldt,LateEve+NitePeak,40_60pct,653,0.0,5491.9,5491.9,
2030,res_unknown,allSize,marine,Care,Humboldt,LateEve+NitePeak,60_80pct,517,0.0,9166.0,9166.0,
2030,res_unknown,allSize,marine,Care,Humboldt,LateEve+NitePeak,80_100pct,409,0.0114,21989.9,21881.9,9468.2
2030,res_unknown,allSize,marine,Care,Humboldt,MrnEve,0_20pct,856,0.2545,1801.4,782.3,4004.8
2030,res_unknown,allSize,marine,Care,Humboldt,MrnEve,20_40pct,873,0.0,2697.4,2697.4,
2030,res_unknown,allSize,marine,Care,Humboldt,MrnEve,40_60pct,857,0.0,4463.0,4463.0,
2030,res_unknown,allSize,marine,Care,Humboldt,MrnEve,60_80pct,817,0.0,7570.2,7570.2,
2030,res_unknown,allSize,marine,Care,Humboldt,MrnEve,80_100pct,655,0.2907,19040.3,17660.8,4745.0
2030,res_unknown,allSize,marine,Care,NoLCA,allLshp,0_20pct,7922,0.4399,2089.7,-412.6,5688.5
2030,res_unknown,allSize,marine,Care,NoLCA,allLshp,20_40pct,11034,0.1181,2733.6,2297.8,3690.4
2030,res_unknown,allSize,marine,Care,NoLCA,allLshp,40_60pct,11077,0.0558,3893.8,3674.8,3926.5
2030,res_unknown,allSize,marine,Care,NoLCA,allLshp,60_80pct,10398,0.0542,5426.5,5139.5,5298.8
2030,res_unknown,allSize,marine,Care,NoLCA,allLshp,80_100pct,9283,0.0218,11348.4,11271.6,3513.9
2030,res_unknown,allSize,marine,Care,North,allLshp,0_20pct,14227,0.1726,1931.9,722.2,7007.3
2030,res_unknown,allSize,marine,Care,North,allLshp,20_40pct,21609,0.0288,3129.6,2929.7,6949.7
2030,res_unknown,allSize,marine,Care,North,allLshp,40_60pct,20117,0.0382,4835.1,4608.4,5928.9
2030,res_unknown,allSize,marine,Care,North,allLshp,60_80pct,19104,0.0605,7170.3,6714.0,7538.0
2030,res_unknown,allSize,marine,Care,North,allLshp,80_100pct,17383,0.0312,14623.7,14256.1,11792.2
2030,res_unknown,allSize,marine,nonCare,Bay,AllDay,0_100pct,55341,1.0,11250.9,-692.7,11943.6
2030,res_unknown,allSize,marine,nonCare,Bay,DayEve,0_20pct,11517,1.0,6653.8,-8652.8,15306.6
2030,res_unknown,allSize,marine,nonCare,Bay,DayEve,20_40pct,40043,0.7511,4168.0,-528.3,6252.3
2030,res_unknown,allSize,marine,nonCare,Bay,DayEve,40_60pct,41801,0.2364,4891.7,3336.1,6579.9
2030,res_unknown,allSize,marine,nonCare,Bay,DayEve,60_80pct,40653,0.1828,7451.4,6032.0,7765.9
2030,res_unknown,allSize,marine,nonCare,Bay,DayEve,80_100pct,38751,0.2015,14920.6,13188.2,8599.0
2030,res_unknown,allSize,marine,nonCare,Bay,EarlyEve,0_20pct,61117,1.0,3057.6,-3230.6,6288.2
2030,res_unknown,allSize,marine,nonCare,Bay,EarlyEve,20_40pct,109765,0.2045,2593.6,1442.6,5627.9
2030,res_unknown,allSize,marine,nonCare,Bay,EarlyEve,40_60pct,105822,0.1149,4054.0,3397.4,5712.4
2030,res_unknown,allSize,marine,nonCare,Bay,EarlyEve,60_80pct,103375,0.0691,5781.1,5364.9,6021.8
2030,res_unknown,allSize,marine,nonCare,Bay,EarlyEve,80_100pct,95577,0.0698,10244.5,9747.1,7125.5
2030,res_unknown,allSize,marine,nonCare,Bay,Flat,0_20pct,21422,0.0011,218.7,212.5,5599.6
2030,res_unknown,allSize,marine,nonCare,Bay,Flat,20_40pct,21465,0.0,652.1,652.1,
2030,res_unknown,allSize,marine,nonCare,Bay,Flat,40_60pct,20393,0.0,1391.8,1391.8,
2030,res_unknown,allSize,marine,nonCare,Bay,Flat,60_80pct,20359,0.0,2788.9,2788.9,
2030,res_unknown,allSize,marine,nonCare,Bay,Flat,80_100pct,20196,0.0094,10883.0,10857.7,2670.9
2030,res_unknown,allSize,marine,nonCare,Bay,FlatCool,0_20pct,50669,0.0706,802.8,439.4,5143.7
2030,res_unknown,allSize,marine,nonCare,Bay,FlatCool,20_40pct,51795,0.0267,2039.5,1937.0,3840.7
2030,res_unknown,allSize,marine,nonCare,Bay,FlatCool,40_60pct,50253,0.0242,3554.9,3395.0,6603.7
2030,res_unknown,allSize,marine,nonCare,Bay,FlatCool,60_80pct,48244,0.0498,5963.5,5605.0,7196.3
2030,res_unknown,allSize,marine,nonCare,Bay,FlatCool,80_100pct,43916,0.07,12805.4,12186.7,8834.4
2030,res_unknown,allSize,marine,nonCare,Bay,LateEve,0_20pct,73538,0.2755,1337.1,-213.0,5625.9
2030,res_unknown,allSize,marine,nonCare,Bay,LateEve,20_40pct,84882,0.1221,3097.1,2397.9,5724.4
2030,res_unknown,allSize,marine,nonCare,Bay,LateEve,40_60pct,77350,0.0865,5362.2,4848.9,5930.8
2030,res_unknown,allSize,marine,nonCare,Bay,LateEve,60_80pct,66026,0.0764,8913.7,8404.7,6664.0
2030,res_unknown,allSize,marine,nonCare,Bay,LateEve,80_100pct,53241,0.1086,15697.3,15051.9,5941.6
2030,res_unknown,allSize,marine,nonCare,Bay,MrnEve,0_20pct,60522,0.6067,2513.3,-557.1,5060.6
2030,res_unknown,allSize,marine,nonCare,Bay,MrnEve,20_40pct,80148,0.1286,3194.9,2345.0,6609.0
2030,res_unknown,allSize,marine,nonCare,Bay,MrnEve,40_60pct,77378,0.1113,4604.7,4078.3,4728.5
2030,res_unknown,allSize,marine,nonCare,Bay,MrnEve,60_80pct,76168,0.071,6291.5,5894.7,5585.4
2030,res_unknown,allSize,marine,nonCare,Bay,MrnEve,80_100pct,74976,0.0827,11327.1,10810.9,6240.7
2030,res_unknown,allSize,marine,nonCare,Bay,NiteFlat,0_20pct,17272,0.0246,257.7,106.8,6145.6
2030,res_unknown,allSize,marine,nonCare,Bay,NiteFlat,20_40pct,18299,0.0104,311.1,283.5,2656.8
2030,res_unknown,allSize,marine,nonCare,Bay,NiteFlat,40_60pct,18104,0.0,730.7,730.7,
2030,res_unknown,allSize,marine,nonCare,Bay,NiteFlat,60_80pct,18010,0.0019,1458.7,1447.5,5842.9
2030,res_unknown,allSize,marine,nonCare,Bay,NiteFlat,80_100pct,16354,0.0199,6983.7,6905.1,3957.6
2030,res_unknown,allSize,marine,nonCare,Bay,NitePeak,0_20pct,23426,0.3297,3376.4,944.9,7375.3
2030,res_unknown,allSize,marine,nonCare,Bay,NitePeak,20_40pct,23386,0.193,5977.8,4649.2,6883.5
2030,res_unknown,allSize,marine,nonCare,Bay,NitePeak,40_60pct,16638,0.3025,9221.2,7358.5,6157.2
2030,res_unknown,allSize,marine,nonCare,Bay,NitePeak,60_80pct,9939,0.4579,12856.3,9947.4,6352.7
2030,res_unknown,allSize,marine,nonCare,Bay,NitePeak,80_100pct,8122,0.3545,20301.1,17592.5,7640.4
2030,res_unknown,allSize,marine,nonCare,Humboldt,allLshp,0_20pct,7968,0.3506,1402.1,-1019.1,6906.8
2030,res_unknown,allSize,marine,nonCare,Humboldt,allLshp,20_40pct,11067,0.0976,2457.8,1662.3,8149.8
2030,res_unknown,allSize,marine,nonCare,Humboldt,allLshp,40_60pct,10805,0.0372,4490.8,4223.1,7201.9
2030,res_unknown,allSize,marine,nonCare,Humboldt,allLshp,60_80pct,10094,0.0842,7444.1,6861.1,6926.7
2030,res_unknown,allSize,marine,nonCare,Humboldt,allLshp,80_100pct,6619,0.1317,28442.9,27567.3,6649.0
2030,res_unknown,allSize,marine,nonCare,NoLCA,AllDay,0_100pct,7210,1.0,10343.5,-7048.0,17391.5
2030,res_unknown,allSize,marine,nonCare,NoLCA,DayEve,0_20pct,3114,1.0,6459.0,-8940.3,15399.4
2030,res_unknown,allSize,marine,nonCare,NoLCA,DayEve,20_40pct,4707,0.5909,4435.0,266.2,7055.0
2030,res_unknown,allSize,marine,nonCare,NoLCA,DayEve,40_60pct,4584,0.133,4557.2,3738.9,6153.2
2030,res_unknown,allSize,marine,nonCare,NoLCA,DayEve,60_80pct,4660,0.2036,6404.6,5065.7,6576.0
2030,res_unknown,allSize,marine,nonCare,NoLCA,DayEve,80_100pct,4457,0.2534,11553.9,9554.2,7891.3
2030,res_unknown,allSize,marine,nonCare,NoLCA,EarlyEve,0_20pct,4314,1.0,5092.9,-6546.1,11639.0
2030,res_unknown,allSize,marine,nonCare,NoLCA,EarlyEve,20_40pct,7053,0.782,4095.9,-1610.3,7296.4
2030,res_unknown,allSize,marine,nonCare,NoLCA,EarlyEve,40_60pct,6903,0.196,4248.3,2918.7,6782.8
2030,res_unknown,allSize,marine,nonCare,NoLCA,EarlyEve,60_80pct,7100,0.1059,5517.8,4906.0,5779.1
2030,res_unknown,allSize,marine,nonCare,NoLCA,EarlyEve,80_100pct,6272,0.0651,9605.3,9141.1,7128.8
2030,res_unknown,allSize,marine,nonCare,NoLCA,Flat,0_20pct,2874,0.0,374.6,374.6,
2030,res_unknown,allSize,marine,nonCare,NoLCA,Flat,20_40pct,2899,0.0,1165.6,1165.6,
2030,res_unknown,allSize,marine,nonCare,NoLCA,Flat,40_60pct,2653,0.0,1866.2,1866.2,
2030,res_unknown,allSize,marine,nonCare,NoLCA,Flat,60_80pct,2665,0.0,2712.1,2712.1,
2030,res_unknown,allSize,marine,nonCare,NoLCA,Flat,80_100pct,2395,0.0066,8661.4,8651.9,1420.5
2030,res_unknown,allSize,marine,nonCare,NoLCA,FlatCool,0_20pct,4670,0.1403,1500.3,119.6,9842.0
2030,res_unknown,allSize,marine,nonCare,NoLCA,FlatCool,20_40pct,4439,0.0897,2591.9,1944.7,7215.9
2030,res_unknown,allSize,marine,nonCare,NoLCA,FlatCool,40_60pct,4536,0.0371,4107.5,3843.9,7095.4
2030,res_unknown,allSize,marine,nonCare,NoLCA,FlatCool,60_80pct,4640,0.0863,6502.8,6017.1,5627.0
2030,res_unknown,allSize,marine,nonCare,NoLCA,FlatCool,80_100pct,4155,0.0734,12631.2,12093.6,7327.6
2030,res_unknown,allSize,marine,nonCare,NoLCA,LateEve,0_20pct,4676,0.5235,1992.0,-1193.4,6084.7
2030,res_unknown,allSize,marine,nonCare,NoLCA,LateEve,20_40pct,5373,0.1118,3112.2,1897.5,10867.1
2030,res_unknown,allSize,marine,nonCare,NoLCA,LateEve,40_60pct,4847,0.0193,4615.2,4527.3,4552.8
2030,res_unknown,allSize,marine,nonCare,NoLCA,LateEve,60_80pct,4294,0.0378,7368.8,7140.4,6034.7
2030,res_unknown,allSize,marine,nonCare,NoLCA,LateEve,80_100pct,3891,0.0264,12923.8,12733.7,7190.0
2030,res_unknown,allSize,marine,nonCare,NoLCA,MrnEve,0_20pct,8169,1.0,4228.5,-3921.9,8150.4
2030,res_unknown,allSize,marine,nonCare,NoLCA,MrnEve,20_40pct,10479,0.1895,3222.1,2157.4,5619.7
2030,res_unknown,allSize,marine,nonCare,NoLCA,MrnEve,40_60pct,10532,0.0595,4252.9,3773.6,8050.1
2030,res_unknown,allSize,marine,nonCare,NoLCA,MrnEve,60_80pct,10260,0.042,5837.1,5467.2,8808.4
2030,res_unknown,allSize,marine,nonCare,NoLCA,MrnEve,80_100pct,10211,0.1131,9824.9,9222.2,5328.4
2030,res_unknown,allSize,marine,nonCare,NoLCA,NiteFlat,0_20pct,1097,0.1081,306.8,-444.2,6944.4
2030,res_unknown,allSize,marine,nonCare,NoLCA,NiteFlat,20_40pct,1128,0.0,430.1,430.1,
2030,res_unknown,allSize,marine,nonCare,NoLCA,NiteFlat,40_60pct,1128,0.0,1331.8,1331.8,
2030,res_unknown,allSize,marine,nonCare,NoLCA,NiteFlat,60_80pct,1011,0.0,2797.4,2797.4,
2030,res_unknown,allSize,marine,nonCare,NoLCA,NiteFlat,80_100pct,1018,0.0,9171.2,9171.2,
2030,res_unknown,allSize,marine,nonCare,NoLCA,NitePeak,0_20pct,892,1.0,7115.4,-2762.2,9877.5
2030,res_unknown,allSize,marine,nonCare,NoLCA,NitePeak,20_40pct,972,0.3324,6042.9,3242.2,8425.3
2030,res_unknown,allSize,marine,nonCare,NoLCA,NitePeak,40_60pct,1144,0.2692,8069.8,6456.1,5995.6
2030,res_unknown,allSize,marine,nonCare,NoLCA,NitePeak,60_80pct,761,0.178,11500.1,10444.4,5930.9
2030,res_unknown,allSize,marine,nonCare,NoLCA,NitePeak,80_100pct,376,0.4943,15961.2,13096.8,5795.2
2030,res_unknown,allSize,marine,nonCare,North,AllDay,0_50pct,5275,1.0,8281.1,-11165.1,19446.2
2030,res_unknown,allSize,marine,nonCare,North,AllDay,50_100pct,14974,1.0,13303.2,3937.0,9366.2
2030,res_unknown,allSize,marine,nonCare,North,DayEve,0_20pct,4465,1.0,5493.5,-5387.0,10880.6
2030,res_unknown,allSize,marine,nonCare,North,DayEve,20_40pct,8469,0.4704,4918.7,1357.8,7570.5
2030,res_unknown,allSize,marine,nonCare,North,DayEve,40_60pct,8722,0.2783,6950.9,4173.2,9980.6
2030,res_unknown,allSize,marine,nonCare,North,DayEve,60_80pct,8329,0.2935,9675.2,7633.6,6955.3
2030,res_unknown,allSize,marine,nonCare,North,DayEve,80_100pct,7679,0.3202,19876.5,17095.3,8686.5
2030,res_unknown,allSize,marine,nonCare,North,EarlyEve,0_20pct,12791,0.9476,3527.4,-3324.2,7230.3
2030,res_unknown,allSize,marine,nonCare,North,EarlyEve,20_40pct,22228,0.334,3729.7,1499.1,6678.7
2030,res_unknown,allSize,marine,nonCare,North,EarlyEve,40_60pct,22524,0.0965,4761.6,4210.8,5710.1
2030,res_unknown,allSize,marine,nonCare,North,EarlyEve,60_80pct,22492,0.1304,6857.8,6083.5,5939.5
2030,res_unknown,allSize,marine,nonCare,North,EarlyEve,80_100pct,20794,0.1189,11610.3,10498.4,9351.4
2030,res_unknown,allSize,marine,nonCare,North,Flat,0_20pct,4342,0.0052,436.2,404.5,6103.0
2030,res_unknown,allSize,marine,nonCare,North,Flat,20_40pct,4147,0.0,1153.2,1153.2,
2030,res_unknown,allSize,marine,nonCare,North,Flat,40_60pct,3986,0.0,1851.6,1851.6,
2030,res_unknown,allSize,marine,nonCare,North,Flat,60_80pct,4044,0.0079,3198.9,3198.4,64.0
2030,res_unknown,allSize,marine,nonCare,North,Flat,80_100pct,3718,0.009,24676.6,24602.4,8255.9
2030,res_unknown,allSize,marine,nonCare,North,FlatCool,0_20pct,10713,0.0478,1196.9,802.2,8253.5
2030,res_unknown,allSize,marine,nonCare,North,FlatCool,20_40pct,10835,0.0173,2800.5,2676.9,7140.5
2030,res_unknown,allSize,marine,nonCare,North,FlatCool,40_60pct,10671,0.0063,4784.5,4726.3,9310.6
2030,res_unknown,allSize,marine,nonCare,North,FlatCool,60_80pct,9833,0.0426,8229.4,7800.5,10075.9
2030,res_unknown,allSize,marine,nonCare,North,FlatCool,80_100pct,8514,0.1631,21461.6,19758.9,10438.9
2030,res_unknown,allSize,marine,nonCare,North,LateEve,0_20pct,10604,0.1747,871.2,-500.2,7848.2
2030,res_unknown,allSize,marine,nonCare,North,LateEve,20_40pct,11402,0.1643,3211.6,2321.6,5415.9
2030,res_unknown,allSize,marine,nonCare,North,LateEve,40_60pct,11424,0.1155,5583.6,4889.3,6008.8
2030,res_unknown,allSize,marine,nonCare,North,LateEve,60_80pct,9446,0.0429,9467.9,9195.1,6356.8
2030,res_unknown,allSize,marine,nonCare,North,LateEve,80_100pct,7484,0.1433,20158.1,18808.2,9421.6
2030,res_unknown,allSize,marine,nonCare,North,MrnEve,0_20pct,13068,0.6102,3765.1,-975.6,7768.8
2030,res_unknown,allSize,marine,nonCare,North,MrnEve,20_40pct,17189,0.163,3835.5,2981.2,5242.5
2030,res_unknown,allSize,marine,nonCare,North,MrnEve,40_60pct,16768,0.0421,5416.6,5208.2,4945.2
2030,res_unknown,allSize,marine,nonCare,North,MrnEve,60_80pct,16891,0.1144,7606.0,6933.5,5876.6
2030,res_unknown,allSize,marine,nonCare,North,MrnEve,80_100pct,16232,0.1449,13753.7,12398.6,9351.7
2030,res_unknown,allSize,marine,nonCare,North,NiteFlat,0_20pct,1964,0.0358,370.0,47.6,9007.7
2030,res_unknown,allSize,marine,nonCare,North,NiteFlat,20_40pct,2457,0.0,327.2,327.2,
2030,res_unknown,allSize,marine,nonCare,North,NiteFlat,40_60pct,2372,0.0,868.0,868.0,
2030,res_unknown,allSize,marine,nonCare,North,NiteFlat,60_80pct,2470,0.0,2265.4,2265.4,
2030,res_unknown,allSize,marine,nonCare,North,NiteFlat,80_100pct,1718,0.041,26177.4,25728.9,10950.0
2030,res_unknown,allSize,marine,nonCare,North,NitePeak,0_20pct,2634,0.4123,3888.8,221.7,8894.0
2030,res_unknown,allSize,marine,nonCare,North,NitePeak,20_40pct,2288,0.3653,7027.3,4093.0,8031.7
2030,res_unknown,allSize,marine,nonCare,North,NitePeak,40_60pct,1836,0.4811,10702.5,7712.0,6215.4
2030,res_unknown,allSize,marine,nonCare,North,NitePeak,60_80pct,1453,0.4769,15257.5,11722.1,7413.0
2030,res_unknown,allSize,marine,nonCare,North,NitePeak,80_100pct,947,0.3262,20498.9,18254.8,6879.6
2040,master_mtr,allSize,hot_dry,allCare,allLca,allLshp,0_25pct,1113,0.5803,3531.7,-7032.1,18202.7
2040,master_mtr,allSize,hot_dry,allCare,allLca,allLshp,25_50pct,1047,0.2921,6919.3,1846.7,17366.7
2040,master_mtr,allSize,hot_dry,allCare,allLca,allLshp,50_75pct,1182,0.2554,13153.9,11989.2,4560.6
2040,master_mtr,allSize,hot_dry,allCare,allLca,allLshp,75_100pct,1172,0.5134,108912.0,74145.3,67712.4
2040,master_mtr,allSize,marine,Care,allLca,allLshp,0_100pct,1056,0.316,236959.7,236156.2,2542.5
2040,master_mtr,allSize,marine,nonCare,allLca,allLshp,0_50pct,7339,0.4572,3461.0,300.2,6913.6
2040,master_mtr,allSize,marine,nonCare,allLca,allLshp,50_100pct,8960,0.3076,37536.6,34863.7,8688.9
2040,res_unknown,allSize,hot_dry,Care,Bay,allLshp,0_20pct,11206,0.9367,3426.5,-2671.8,6510.6
2040,res_unknown,allSize,hot_dry,Care,Bay,allLshp,20_40pct,17759,0.1493,3907.9,3187.6,4824.0
2040,res_unknown,allSize,hot_dry,Care,Bay,allLshp,40_60pct,17235,0.0041,5893.1,5876.9,3996.2
2040,res_unknown,allSize,hot_dry,Care,Bay,allLshp,60_80pct,17239,0.062,8217.0,7748.9,7555.3
2040,res_unknown,allSize,hot_dry,Care,Bay,allLshp,80_100pct,16323,0.1645,14641.5,13786.0,5199.8
2040,res_unknown,allSize,hot_dry,Care,Fresno,AllDay,0_50pct,2309,1.0,10495.9,-24469.2,34965.1
2040,res_unknown,allSize,hot_dry,Care,Fresno,AllDay,50_100pct,13303,1.0,11119.4,-5185.2,16304.7
2040,res_unknown,allSize,hot_dry,Care,Fresno,DayEve,0_20pct,7588,1.0,5853.3,-6106.4,11959.6
2040,res_unknown,allSize,hot_dry,Care,Fresno,DayEve,20_40pct,11577,0.3014,5995.7,3760.4,7416.7
2040,res_unknown,allSize,hot_dry,Care,Fresno,DayEve,40_60pct,11391,0.2198,7901.1,6914.5,4488.9
2040,res_unknown,allSize,hot_dry,Care,Fresno,DayEve,60_80pct,11578,0.2435,10557.0,8696.8,7640.5
2040,res_unknown,allSize,hot_dry,Care,Fresno,DayEve,80_100pct,11654,0.4059,17437.1,14321.7,7675.6
2040,res_unknown,allSize,hot_dry,Care,Fresno,EarlyEve,0_20pct,14020,0.7297,3601.6,-906.3,6177.8
2040,res_unknown,allSize,hot_dry,Care,Fresno,EarlyEve,20_40pct,19319,0.2624,5233.5,3687.3,5893.1
2040,res_unknown,allSize,hot_dry,Care,Fresno,EarlyEve,40_60pct,18928,0.1178,6863.3,6337.9,4460.0
2040,res_unknown,allSize,hot_dry,Care,Fresno,EarlyEve,60_80pct,19097,0.0391,8748.2,8615.7,3391.5
2040,res_unknown,allSize,hot_dry,Care,Fresno,EarlyEve,80_100pct,19164,0.0357,12269.6,12091.4,4987.1
2040,res_unknown,allSize,hot_dry,Care,Fresno,Flat,0_50pct,1365,0.0,1504.0,1504.0,
2040,res_unknown,allSize,hot_dry,Care,Fresno,Flat,50_100pct,1356,0.0,10772.0,10772.0,
2040,res_unknown,allSize,hot_dry,Care,Fresno,FlatCool,0_20pct,3908,0.0074,1936.0,1852.4,11285.3
2040,res_unknown,allSize,hot_dry,Care,Fresno,FlatCool,20_40pct,3957,0.0,4210.8,4210.8,
2040,res_unknown,allSize,hot_dry,Care,Fresno,FlatCool,40_60pct,4046,0.0,6369.1,6369.1,
2040,res_unknown,allSize,hot_dry,Care,Fresno,FlatCool,60_80pct,3846,0.0,9120.8,9120.8,
2040,res_unknown,allSize,hot_dry,Care,Fresno,FlatCool,80_100pct,3866,0.1628,17623.2,17454.7,1035.5
2040,res_unknown,allSize,hot_dry,Care,Fresno,LateEve,0_20pct,12357,0.47,4129.0,768.1,7150.9
2040,res_unknown,allSize,hot_dry,Care,Fresno,LateEve,20_40pct,13804,0.0907,6194.1,5512.5,7512.2
2040,res_unknown,allSize,hot_dry,Care,Fresno,LateEve,40_60pct,13571,0.1157,8362.6,7323.5,8982.7
2040,res_unknown,allSize,hot_dry,Care,Fresno,LateEve,60_80pct,13327,0.0234,10427.9,10232.5,8340.9
2040,res_unknown,allSize,hot_dry,Care,Fresno,LateEve,80_100pct,13164,0.0478,16064.3,15917.7,3068.1
2040,res_unknown,allSize,hot_dry,Care,Fresno,MrnEve,0_20pct,4221,0.4795,3196.1,144.8,6363.3
2040,res_unknown,allSize,hot_dry,Care,Fresno,MrnEve,20_40pct,4552,0.1481,4890.6,3997.0,6033.3
2040,res_unknown,allSize,hot_dry,Care,Fresno,MrnEve,40_60pct,4646,0.0674,6578.1,5962.5,9136.4
2040,res_unknown,allSize,hot_dry,Care,Fresno,MrnEve,60_80pct,4383,0.0137,9368.5,9289.2,5796.5
2040,res_unknown,allSize,hot_dry,Care,Fresno,MrnEve,80_100pct,4616,0.0687,16548.1,16406.9,2056.0
2040,res_unknown,allSize,hot_dry,Care,Fresno,NiteFlat,0_100pct,1817,0.0105,3636.2,3544.5,8768.5
2040,res_unknown,allSize,hot_dry,Care,Fresno,NitePeak,0_50pct,1530,0.2262,4193.5,3544.5,2868.9
2040,res_unknown,allSize,hot_dry,Care,Fresno,NitePeak,50_100pct,1594,0.0,13540.0,13540.0,
2040,res_unknown,allSize,hot_dry,Care,Kern,allLshp,0_20pct,12642,1.0,7533.8,-12183.4,19717.3
2040,res_unknown,allSize,hot_dry,Care,Kern,allLshp,20_40pct,18823,0.3161,5652.3,2888.8,8743.1
2040,res_unknown,allSize,hot_dry,Care,Kern,allLshp,40_60pct,18699,0.15,7494.6,6392.8,7345.5
2040,res_unknown,allSize,hot_dry,Care,Kern,allLshp,60_80pct,17951,0.0711,9498.9,9012.1,6844.2
2040,res_unknown,allSize,hot_dry,Care,Kern,allLshp,80_100pct,18089,0.018,13956.6,13812.7,7984.7
2040,res_unknown,allSize,hot_dry,Care,NoLCA,AllDay,0_100pct,7126,1.0,10185.2,-7352.3,17537.5
2040,res_unknown,allSize,hot_dry,Care,NoLCA,DayEve,0_20pct,6374,1.0,4990.1,-3768.3,8758.4
2040,res_unknown,allSize,hot_dry,Care,NoLCA,DayEve,20_40pct,8126,0.4479,6048.9,3228.0,6298.3
2040,res_unknown,allSize,hot_dry,Care,NoLCA,DayEve,40_60pct,7784,0.1598,7708.1,6402.1,8173.0
2040,res_unknown,allSize,hot_dry,Care,NoLCA,DayEve,60_80pct,8166,0.077,10212.2,9652.1,7278.8
2040,res_unknown,allSize,hot_dry,Care,NoLCA,DayEve,80_100pct,7560,0.0828,17454.2,16705.4,9041.5
2040,res_unknown,allSize,hot_dry,Care,NoLCA,EarlyEve,0_20pct,8095,1.0,3617.1,-2145.8,5762.9
2040,res_unknown,allSize,hot_dry,Care,NoLCA,EarlyEve,20_40pct,13444,0.1669,4612.2,3789.1,4930.3
2040,res_unknown,allSize,hot_dry,Care,NoLCA,EarlyEve,40_60pct,12937,0.1212,6781.7,5931.0,7016.8
2040,res_unknown,allSize,hot_dry,Care,NoLCA,EarlyEve,60_80pct,12793,0.1185,8569.8,8049.4,4391.2
2040,res_unknown,allSize,hot_dry,Care,NoLCA,EarlyEve,80_100pct,12145,0.0,12342.6,12342.6,
2040,res_unknown,allSize,hot_dry,Care,NoLCA,FlatCool,0_20pct,4807,0.137,2483.0,1690.0,5788.3
2040,res_unknown,allSize,hot_dry,Care,NoLCA,FlatCool,20_40pct,4719,0.0,4618.6,4618.6,
2040,res_unknown,allSize,hot_dry,Care,NoLCA,FlatCool,40_60pct,4578,0.0,6766.3,6766.3,
2040,res_unknown,allSize,hot_dry,Care,NoLCA,FlatCool,60_80pct,4754,0.0,9173.1,9173.1,
2040,res_unknown,allSize,hot_dry,Care,NoLCA,FlatCool,80_100pct,4335,0.144,17183.4,15315.3,12973.1
2040,res_unknown,allSize,hot_dry,Care,NoLCA,LateEve,0_20pct,7895,0.2385,3127.1,1578.6,6493.2
2040,res_unknown,allSize,hot_dry,Care,NoLCA,LateEve,20_40pct,8642,0.0391,5608.3,5497.5,2830.8
2040,res_unknown,allSize,hot_dry,Care,NoLCA,LateEve,40_60pct,8532,0.0731,7842.4,7677.0,2263.5
2040,res_unknown,allSize,hot_dry,Care,NoLCA,LateEve,60_80pct,8059,0.0395,10421.1,10024.0,10058.9
2040,res_unknown,allSize,hot_dry,Care,NoLCA,LateEve,80_100pct,7608,0.0454,18105.7,17964.8,3101.2
2040,res_unknown,allSize,hot_dry,Care,NoLCA,MrnEve,0_20pct,3226,0.2406,2417.2,1560.8,3560.1
2040,res_unknown,allSize,hot_dry,Care,NoLCA,MrnEve,20_40pct,3557,0.0884,4712.2,3846.7,9790.4
2040,res_unknown,allSize,hot_dry,Care,NoLCA,MrnEve,40_60pct,3526,0.0035,6927.8,6898.7,8249.0
2040,res_unknown,allSize,hot_dry,Care,NoLCA,MrnEve,60_80pct,3662,0.1727,9980.2,8708.9,7360.6
2040,res_unknown,allSize,hot_dry,Care,NoLCA,MrnEve,80_100pct,3332,0.1862,19174.6,18148.4,5511.3
2040,res_unknown,allSize,hot_dry,Care,NoLCA,NiteFlat+Flat,0_25pct,1150,0.0,628.6,628.6,
2040,res_unknown,allSize,hot_dry,Care,NoLCA,NiteFlat+Flat,25_50pct,1186,0.2702,3189.3,2257.4,3449.1
2040,res_unknown,allSize,hot_dry,Care,NoLCA,NiteFlat+Flat,50_75pct,1130,0.0,6240.3,6240.3,
2040,res_unknown,allSize,hot_dry,Care,NoLCA,NiteFlat+Flat,75_100pct,1192,0.2652,14348.4,12460.2,7119.5
2040,res_unknown,allSize,hot_dry,Care,NoLCA,NitePeak,0_100pct,1242,0.0316,7769.9,7456.9,9892.6
2040,res_unknown,allSize,hot_dry,Care,North,allLshp,0_25pct,142,1.0,6940.2,-4824.1,11764.3
2040,res_unknown,allSize,hot_dry,Care,North,allLshp,25_50pct,171,0.0389,6798.9,6476.2,8301.7
2040,res_unknown,allSize,hot_dry,Care,North,allLshp,50_75pct,164,0.0,8977.5,8977.5,
2040,res_unknown,allSize,hot_dry,Care,North,allLshp,75_100pct,124,0.0,13417.6,13417.6,
2040,res_unknown,allSize,hot_dry,Care,Sierra,allLshp,0_20pct,15850,0.8582,3336.1,-2141.6,6382.9
2040,res_unknown,allSize,hot_dry,Care,Sierra,allLshp,20_40pct,24127,0.1744,4785.5,3798.4,5660.0
2040,res_unknown,allSize,hot_dry,Care,Sierra,allLshp,40_60pct,23746,0.068,7233.4,6685.6,8059.9
2040,res_unknown,allSize,hot_dry,Care,Sierra,allLshp,60_80pct,22897,0.0833,10161.3,9589.7,6857.4
2040,res_unknown,allSize,hot_dry,Care,Sierra,allLshp,80_100pct,22324,0.0997,19813.1,18920.2,8954.5
2040,res_unknown,allSize,hot_dry,Care,Stockton,allLshp,0_20pct,10702,0.8677,3312.3,-1801.9,5894.2
2040,res_unknown,allSize,hot_dry,Care,Stockton,allLshp,20_40pct,16635,0.1902,4787.8,3549.8,6509.9
2040,res_unknown,allSize,hot_dry,Care,Stockton,allLshp,40_60pct,16627,0.1168,7105.1,6296.1,6926.0
2040,res_unknown,allSize,hot_dry,Care,Stockton,allLshp,60_80pct,16400,0.1154,9552.1,8843.6,6141.3
2040,res_unknown,allSize,hot_dry,Care,Stockton,allLshp,80_100pct,15980,0.0618,15584.3,15331.9,4084.6
2040,res_unknown,allSize,hot_dry,nonCare,Bay,AllDay,0_50pct,13555,1.0,11496.6,-19446.1,30942.8
2040,res_unknown,allSize,hot_dry,nonCare,Bay,AllDay,50_100pct,23165,1.0,16598.1,1486.8,15111.3
2040,res_unknown,allSize,hot_dry,nonCare,Bay,DayEve,0_20pct,6985,1.0,12287.6,-19284.9,31572.5
2040,res_unknown,allSize,hot_dry,nonCare,Bay,DayEve,20_40pct,11238,1.0,9776.5,-4474.3,14250.8
2040,res_unknown,allSize,hot_dry,nonCare,Bay,DayEve,40_60pct,11704,0.7355,9719.9,4145.9,7578.7
2040,res_unknown,allSize,hot_dry,nonCare,Bay,DayEve,60_80pct,12351,0.3393,11275.7,8511.4,8147.8
2040,res_unknown,allSize,hot_dry,nonCare,Bay,DayEve,80_100pct,11792,0.1552,20478.7,18947.7,9863.5
2040,res_unknown,allSize,hot_dry,nonCare,Bay,EarlyEve,0_20pct,18909,1.0,8173.3,-13058.1,21231.5
2040,res_unknown,allSize,hot_dry,nonCare,Bay,EarlyEve,20_40pct,30803,0.6914,5113.1,606.4,6518.3
2040,res_unknown,allSize,hot_dry,nonCare,Bay,EarlyEve,40_60pct,30755,0.2492,6460.5,4805.2,6642.3
2040,res_unknown,allSize,hot_dry,nonCare,Bay,EarlyEve,60_80pct,30188,0.1653,8583.5,7632.7,5751.3
2040,res_unknown,allSize,hot_dry,nonCare,Bay,EarlyEve,80_100pct,28822,0.1261,13417.6,12187.5,9754.4
2040,res_unknown,allSize,hot_dry,nonCare,Bay,FlatCool,0_20pct,7944,0.3446,2572.6,-612.4,9242.5
2040,res_unknown,allSize,hot_dry,nonCare,Bay,FlatCool,20_40pct,8018,0.1103,4122.1,2921.5,10886.8
2040,res_unknown,allSize,hot_dry,nonCare,Bay,FlatCool,40_60pct,7708,0.0397,6184.9,5674.8,12836.2
2040,res_unknown,allSize,hot_dry,nonCare,Bay,FlatCool,60_80pct,7633,0.1283,9405.1,8696.6,5520.8
2040,res_unknown,allSize,hot_dry,nonCare,Bay,FlatCool,80_100pct,7495,0.0903,19883.3,19462.4,4660.9
2040,res_unknown,allSize,hot_dry,nonCare,Bay,LateEve,0_20pct,11097,1.0,5339.8,-3814.9,9154.7
2040,res_unknown,allSize,hot_dry,nonCare,Bay,LateEve,20_40pct,13673,0.4266,6853.3,4216.5,6180.9
2040,res_unknown,allSize,hot_dry,nonCare,Bay,LateEve,40_60pct,13288,0.2931,9699.4,7960.7,5932.0
2040,res_unknown,allSize,hot_dry,nonCare,Bay,LateEve,60_80pct,12093,0.2006,12753.6,11214.3,7673.8
2040,res_unknown,allSize,hot_dry,nonCare,Bay,LateEve,80_100pct,11071,0.1895,20728.0,19557.6,6175.0
2040,res_unknown,allSize,hot_dry,nonCare,Bay,MrnEve,0_20pct,11475,1.0,6015.5,-5477.9,11493.4
2040,res_unknown,allSize,hot_dry,nonCare,Bay,MrnEve,20_40pct,13747,0.3937,5717.4,3678.1,5180.2
2040,res_unknown,allSize,hot_dry,nonCare,Bay,MrnEve,40_60pct,13505,0.1678,7855.2,6946.4,5416.3
2040,res_unknown,allSize,hot_dry,nonCare,Bay,MrnEve,60_80pct,13881,0.3039,10791.7,8612.4,7171.9
2040,res_unknown,allSize,hot_dry,nonCare,Bay,MrnEve,80_100pct,13451,0.2451,18380.6,15654.7,11121.6
2040,res_unknown,allSize,hot_dry,nonCare,Bay,NiteFlat+Flat,0_20pct,5914,0.0189,242.3,167.3,3961.5
2040,res_unknown,allSize,hot_dry,nonCare,Bay,NiteFlat+Flat,20_40pct,6085,0.0,474.1,474.1,
2040,res_unknown,allSize,hot_dry,nonCare,Bay,NiteFlat+Flat,40_60pct,6024,0.0509,1314.2,1159.0,3049.1
2040,res_unknown,allSize,hot_dry,nonCare,Bay,NiteFlat+Flat,60_80pct,5644,0.0,2588.2,2588.2,
2040,res_unknown,allSize,hot_dry,nonCare,Bay,NiteFlat+Flat,80_100pct,5800,0.0626,23027.3,22220.5,12889.2
2040,res_unknown,allSize,hot_dry,nonCare,Bay,NitePeak,0_20pct,3573,1.0,8520.9,-4379.6,12900.5
2040,res_unknown,allSize,hot_dry,nonCare,Bay,NitePeak,20_40pct,3133,1.0,10427.9,2508.1,7919.8
2040,res_unknown,allSize,hot_dry,nonCare,Bay,NitePeak,40_60pct,2258,1.0,14456.2,6734.5,7721.7
2040,res_unknown,allSize,hot_dry,nonCare,Bay,NitePeak,60_80pct,2300,0.6689,19192.6,13905.6,7904.0
2040,res_unknown,allSize,hot_dry,nonCare,Bay,NitePeak,80_100pct,2191,0.6071,29328.4,24317.3,8254.0
2040,res_unknown,allSize,hot_dry,nonCare,Fresno,AllDay,0_50pct,12040,1.0,12791.9,-29331.2,42123.1
2040,res_unknown,allSize,hot_dry,nonCare,Fresno,AllDay,50_100pct,19104,1.0,16104.0,-9639.9,25743.9
2040,res_unknown,allSize,hot_dry,nonCare,Fresno,DayEve,0_20pct,8979,1.0,12035.8,-22520.4,34556.2
2040,res_unknown,allSize,hot_dry,nonCare,Fresno,DayEve,20_40pct,11241,1.0,11138.7,-9617.2,20756.0
2040,res_unknown,allSize,hot_dry,nonCare,Fresno,DayEve,40_60pct,11196,1.0,10946.1,802.2,10143.9
2040,res_unknown,allSize,hot_dry,nonCare,Fresno,DayEve,60_80pct,11247,0.4419,12339.8,7361.4,11266.0
2040,res_unknown,allSize,hot_dry,nonCare,Fresno,DayEve,80_100pct,11334,0.36,19519.5,15204.2,11986.0
2040,res_unknown,allSize,hot_dry,nonCare,Fresno,EarlyEve,0_20pct,13399,1.0,6200.6,-11830.0,18030.6
2040,res_unknown,allSize,hot_dry,nonCare,Fresno,EarlyEve,20_40pct,17783,1.0,6662.7,-3455.7,10118.4
2040,res_unknown,allSize,hot_dry,nonCare,Fresno,EarlyEve,40_60pct,17294,0.4253,7086.8,3986.5,7289.4
2040,res_unknown,allSize,hot_dry,nonCare,Fresno,EarlyEve,60_80pct,17782,0.1936,9066.7,7729.5,6908.4
2040,res_unknown,allSize,hot_dry,nonCare,Fresno,EarlyEve,80_100pct,17519,0.1175,13593.5,12517.9,9149.8
2040,res_unknown,allSize,hot_dry,nonCare,Fresno,Flat,0_20pct,2881,0.0,461.6,461.6,
2040,res_unknown,allSize,hot_dry,nonCare,Fresno,Flat,20_40pct,2968,0.0,1232.1,1232.1,
2040,res_unknown,allSize,hot_dry,nonCare,Fresno,Flat,40_60pct,2919,0.0,1784.8,1784.8,
2040,res_unknown,allSize,hot_dry,nonCare,Fresno,Flat,60_80pct,3000,0.0,2583.7,2583.7,
2040,res_unknown,allSize,hot_dry,nonCare,Fresno,Flat,80_100pct,2926,0.0,9693.8,9693.8,
2040,res_unknown,allSize,hot_dry,nonCare,Fresno,FlatCool,0_20pct,7070,0.1027,1532.8,445.5,10588.5
2040,res_unknown,allSize,hot_dry,nonCare,Fresno,FlatCool,20_40pct,6929,0.0889,3557.8,3001.0,6264.6
2040,res_unknown,allSize,hot_dry,nonCare,Fresno,FlatCool,40_60pct,6658,0.1525,6461.6,4929.7,10046.3
2040,res_unknown,allSize,hot_dry,nonCare,Fresno,FlatCool,60_80pct,6884,0.4853,10628.0,5881.3,9780.6
2040,res_unknown,allSize,hot_dry,nonCare,Fresno,FlatCool,80_100pct,6893,0.2759,21293.2,18524.6,10036.2
2040,res_unknown,allSize,hot_dry,nonCare,Fresno,LateEve,0_20pct,12767,0.7151,2820.3,-3870.2,9355.8
2040,res_unknown,allSize,hot_dry,nonCare,Fresno,LateEve,20_40pct,13238,0.7671,6079.9,679.7,7039.7
2040,res_unknown,allSize,hot_dry,nonCare,Fresno,LateEve,40_60pct,12687,0.5226,9387.7,5380.1,7668.8
2040,res_unknown,allSize,hot_dry,nonCare,Fresno,LateEve,60_80pct,12940,0.1664,12699.9,11521.5,7082.2
2040,res_unknown,allSize,hot_dry,nonCare,Fresno,LateEve,80_100pct,11985,0.2146,23215.4,21933.3,5975.1
2040,res_unknown,allSize,hot_dry,nonCare,Fresno,MrnEve,0_20pct,7647,1.0,10420.7,-13086.0,23506.7
2040,res_unknown,allSize,hot_dry,nonCare,Fresno,MrnEve,20_40pct,9140,0.5776,6966.4,2501.8,7729.4
2040,res_unknown,allSize,hot_dry,nonCare,Fresno,MrnEve,40_60pct,8980,0.4844,9751.3,5875.1,8001.6
2040,res_unknown,allSize,hot_dry,nonCare,Fresno,MrnEve,60_80pct,9494,0.2917,12510.1,10487.0,6935.9
2040,res_unknown,allSize,hot_dry,nonCare,Fresno,MrnEve,80_100pct,9120,0.2162,20882.3,19339.2,7138.4
2040,res_unknown,allSize,hot_dry,nonCare,Fresno,NiteFlat,0_20pct,3077,0.0943,259.3,-219.2,5073.6
2040,res_unknown,allSize,hot_dry,nonCare,Fresno,NiteFlat,20_40pct,2969,0.0,451.8,451.8,
2040,res_unknown,allSize,hot_dry,nonCare,Fresno,NiteFlat,40_60pct,3041,0.0,1206.7,1206.7,
2040,res_unknown,allSize,hot_dry,nonCare,Fresno,NiteFlat,60_80pct,3068,0.2007,2720.2,1380.0,6676.7
2040,res_unknown,allSize,hot_dry,nonCare,Fresno,NiteFlat,80_100pct,3134,0.1896,9042.2,6637.4,12680.3
2040,res_unknown,allSize,hot_dry,nonCare,Fresno,NitePeak,0_20pct,1239,0.6939,5684.2,-100.2,8335.8
2040,res_unknown,allSize,hot_dry,nonCare,Fresno,NitePeak,20_40pct,1170,0.4489,7754.4,3491.4,9496.3
2040,res_unknown,allSize,hot_dry,nonCare,Fresno,NitePeak,40_60pct,1097,0.1856,10850.0,8621.5,12009.7
2040,res_unknown,allSize,hot_dry,nonCare,Fresno,NitePeak,60_80pct,1023,0.2518,15597.3,13698.5,7539.7
2040,res_unknown,allSize,hot_dry,nonCare,Fresno,NitePeak,80_100pct,826,0.624,26537.5,16626.5,15882.9
2040,res_unknown,allSize,hot_dry,nonCare,Kern,AllDay,0_50pct,7394,1.0,13261.6,-29760.2,43021.8
2040,res_unknown,allSize,hot_dry,nonCare,Kern,AllDay,50_100pct,8152,1.0,15707.8,-12610.7,28318.5
2040,res_unknown,allSize,hot_dry,nonCare,Kern,DayEve,0_20pct,4173,1.0,12971.2,-26270.6,39241.8
2040,res_unknown,allSize,hot_dry,nonCare,Kern,DayEve,20_40pct,4306,1.0,12947.9,-14322.1,27270.0
2040,res_unknown,allSize,hot_dry,nonCare,Kern,DayEve,40_60pct,4459,0.8762,10648.9,805.8,11234.2
2040,res_unknown,allSize,hot_dry,nonCare,Kern,DayEve,60_80pct,4391,0.5566,12071.5,8185.3,6982.6
2040,res_unknown,allSize,hot_dry,nonCare,Kern,DayEve,80_100pct,4431,0.212,17025.1,15639.7,6535.8
2040,res_unknown,allSize,hot_dry,nonCare,Kern,EarlyEve,0_20pct,3120,1.0,10052.0,-22854.4,32906.4
2040,res_unknown,allSize,hot_dry,nonCare,Kern,EarlyEve,20_40pct,3508,1.0,6500.0,-4043.9,10543.8
2040,res_unknown,allSize,hot_dry,nonCare,Kern,EarlyEve,40_60pct,3347,0.4661,7214.8,3586.9,7783.5
2040,res_unknown,allSize,hot_dry,nonCare,Kern,EarlyEve,60_80pct,3403,0.3592,8748.7,6357.5,6656.4
2040,res_unknown,allSize,hot_dry,nonCare,Kern,EarlyEve,80_100pct,3282,0.2825,13168.0,11792.2,4869.9
2040,res_unknown,allSize,hot_dry,nonCare,Kern,FlatCool,0_20pct,2114,0.3583,3456.4,-1486.3,13795.7
2040,res_unknown,allSize,hot_dry,nonCare,Kern,FlatCool,20_40pct,2066,0.1447,5150.7,3920.9,8501.1
2040,res_unknown,allSize,hot_dry,nonCare,Kern,FlatCool,40_60pct,1861,0.4717,9113.5,5483.2,7696.4
2040,res_unknown,allSize,hot_dry,nonCare,Kern,FlatCool,60_80pct,2041,0.0,9877.5,9877.5,
2040,res_unknown,allSize,hot_dry,nonCare,Kern,FlatCool,80_100pct,2122,0.4175,20460.8,14660.9,13891.7
2040,res_unknown,allSize,hot_dry,nonCare,Kern,LateEve,0_20pct,3443,1.0,7372.5,-13190.0,20562.4
2040,res_unknown,allSize,hot_dry,nonCare,Kern,LateEve,20_40pct,3575,1.0,7597.0,-705.4,8302.4
2040,res_unknown,allSize,hot_dry,nonCare,Kern,LateEve,40_60pct,3730,0.3148,7769.6,6699.0,3401.0
2040,res_unknown,allSize,hot_dry,nonCare,Kern,LateEve,60_80pct,3432,0.199,12038.1,10317.3,8648.3
2040,res_unknown,allSize,hot_dry,nonCare,Kern,LateEve,80_100pct,3402,0.1337,17726.1,17080.0,4832.1
2040,res_unknown,allSize,hot_dry,nonCare,Kern,MrnEve,0_20pct,2743,1.0,8356.2,-9147.0,17503.2
2040,res_unknown,allSize,hot_dry,nonCare,Kern,MrnEve,20_40pct,2808,0.4167,7242.3,4475.5,6639.4
2040,res_unknown,allSize,hot_dry,nonCare,Kern,MrnEve,40_60pct,2824,0.0,8355.3,8355.3,
2040,res_unknown,allSize,hot_dry,nonCare,Kern,MrnEve,60_80pct,2807,0.2084,11011.7,9834.8,5648.1
2040,res_unknown,allSize,hot_dry,nonCare,Kern,MrnEve,80_100pct,2663,0.1098,19707.9,18746.1,8756.8
2040,res_unknown,allSize,hot_dry,nonCare,Kern,NiteFlat+Flat,0_20pct,1822,0.0,184.4,184.4,
2040,res_unknown,allSize,hot_dry,nonCare,Kern,NiteFlat+Flat,20_40pct,1749,0.0,343.0,343.0,
2040,res_unknown,allSize,hot_dry,nonCare,Kern,NiteFlat+Flat,40_60pct,1746,0.0,908.0,908.0,
2040,res_unknown,allSize,hot_dry,nonCare,Kern,NiteFlat+Flat,60_80pct,1723,0.0,1830.0,1830.0,
2040,res_unknown,allSize,hot_dry,nonCare,Kern,NiteFlat+Flat,80_100pct,1773,0.0,8719.1,8719.1,
2040,res_unknown,allSize,hot_dry,nonCare,Kern,NitePeak,0_100pct,1067,0.809,14436.2,7765.7,8245.0
2040,res_unknown,allSize,hot_dry,nonCare,NoLCA,AllDay,0_50pct,10603,1.0,11639.5,-24770.7,36410.2
2040,res_unknown,allSize,hot_dry,nonCare,NoLCA,AllDay,50_100pct,17827,1.0,15706.2,-6616.0,22322.2
2040,res_unknown,allSize,hot_dry,nonCare,NoLCA,DayEve,0_20pct,7340,1.0,12512.0,-25718.2,38230.2
2040,res_unknown,allSize,hot_dry,nonCare,NoLCA,DayEve,20_40pct,10299,1.0,9519.0,-7185.0,16703.9
2040,res_unknown,allSize,hot_dry,nonCare,NoLCA,DayEve,40_60pct,10382,0.2449,7985.2,6043.5,7929.2
2040,res_unknown,allSize,hot_dry,nonCare,NoLCA,DayEve,60_80pct,10278,0.3592,11632.4,8087.3,9869.9
2040,res_unknown,allSize,hot_dry,nonCare,NoLCA,DayEve,80_100pct,10436,0.2706,17811.3,14520.6,12159.9
2040,res_unknown,allSize,hot_dry,nonCare,NoLCA,EarlyEve,0_20pct,14216,1.0,6766.5,-13719.6,20486.1
2040,res_unknown,allSize,hot_dry,nonCare,NoLCA,EarlyEve,20_40pct,20431,0.9965,5543.8,-1444.2,7012.3
2040,res_unknown,allSize,hot_dry,nonCare,NoLCA,EarlyEve,40_60pct,20505,0.3163,6477.4,4610.3,5903.7
2040,res_unknown,allSize,hot_dry,nonCare,NoLCA,EarlyEve,60_80pct,20082,0.1781,8714.6,7398.1,7392.7
2040,res_unknown,allSize,hot_dry,nonCare,NoLCA,EarlyEve,80_100pct,19920,0.1285,12883.2,12267.4,4793.7
2040,res_unknown,allSize,hot_dry,nonCare,NoLCA,Flat,0_20pct,4465,0.0,581.2,581.2,
2040,res_unknown,allSize,hot_dry,nonCare,NoLCA,Flat,20_40pct,4351,0.0,1235.4,1235.4,
2040,res_unknown,allSize,hot_dry,nonCare,NoLCA,Flat,40_60pct,4277,0.0,2027.9,2027.9,
2040,res_unknown,allSize,hot_dry,nonCare,NoLCA,Flat,60_80pct,4305,0.0,3310.5,3310.5,
2040,res_unknown,allSize,hot_dry,nonCare,NoLCA,Flat,80_100pct,4280,0.0,12614.9,12614.9,
2040,res_unknown,allSize,hot_dry,nonCare,NoLCA,FlatCool,0_20pct,8678,0.1421,1735.1,133.2,11272.3
2040,res_unknown,allSize,hot_dry,nonCare,NoLCA,FlatCool,20_40pct,8995,0.22,4097.2,2250.0,8394.9
2040,res_unknown,allSize,hot_dry,nonCare,NoLCA,FlatCool,40_60pct,8958,0.1033,6123.8,5345.0,7539.6
2040,res_unknown,allSize,hot_dry,nonCare,NoLCA,FlatCool,60_80pct,9063,0.1714,9736.1,8128.8,9376.7
2040,res_unknown,allSize,hot_dry,nonCare,NoLCA,FlatCool,80_100pct,8817,0.2631,24217.3,21957.1,8591.5
2040,res_unknown,allSize,hot_dry,nonCare,NoLCA,LateEve,0_20pct,11339,0.3794,1268.1,-2055.2,8760.4
2040,res_unknown,allSize,hot_dry,nonCare,NoLCA,LateEve,20_40pct,12176,0.6682,4803.0,-644.4,8152.9
2040,res_unknown,allSize,hot_dry,nonCare,NoLCA,LateEve,40_60pct,11792,0.3421,7336.6,4362.1,8694.2
2040,res_unknown,allSize,hot_dry,nonCare,NoLCA,LateEve,60_80pct,10875,0.4233,11629.3,8328.1,7799.1
2040,res_unknown,allSize,hot_dry,nonCare,NoLCA,LateEve,80_100pct,10314,0.1154,18851.5,18350.5,4343.4
2040,res_unknown,allSize,hot_dry,nonCare,NoLCA,MrnEve,0_20pct,8425,1.0,8251.3,-10797.4,19048.7
2040,res_unknown,allSize,hot_dry,nonCare,NoLCA,MrnEve,20_40pct,9681,0.5509,6902.0,1429.3,9933.9
2040,res_unknown,allSize,hot_dry,nonCare,NoLCA,MrnEve,40_60pct,9667,0.3594,8838.6,5397.5,9573.7
2040,res_unknown,allSize,hot_dry,nonCare,NoLCA,MrnEve,60_80pct,9477,0.2999,12476.9,8567.5,13033.7
2040,res_unknown,allSize,hot_dry,nonCare,NoLCA,MrnEve,80_100pct,9682,0.3289,19815.4,17377.7,7412.1
2040,res_unknown,allSize,hot_dry,nonCare,NoLCA,NiteFlat,0_100pct,13506,0.0765,3107.4,2338.4,10050.8
2040,res_unknown,allSize,hot_dry,nonCare,NoLCA,NitePeak,0_20pct,969,0.6192,5295.9,175.1,8270.3
2040,res_unknown,allSize,hot_dry,nonCare,NoLCA,NitePeak,20_40pct,986,0.3489,8100.8,3634.4,12801.6
2040,res_unknown,allSize,hot_dry,nonCare,NoLCA,NitePeak,40_60pct,985,0.3612,12042.4,9449.8,7178.1
2040,res_unknown,allSize,hot_dry,nonCare,NoLCA,NitePeak,60_80pct,767,0.6742,17791.2,13712.5,6049.3
2040,res_unknown,allSize,hot_dry,nonCare,NoLCA,NitePeak,80_100pct,585,0.4364,26793.0,23076.3,8517.5
2040,res_unknown,allSize,hot_dry,nonCare,North,allLshp,0_20pct,642,1.0,17671.0,-24878.8,42549.8
2040,res_unknown,allSize,hot_dry,nonCare,North,allLshp,20_40pct,868,0.6362,6910.4,2135.8,7505.3
2040,res_unknown,allSize,hot_dry,nonCare,North,allLshp,40_60pct,861,0.3714,9431.2,6949.1,6683.3
2040,res_unknown,allSize,hot_dry,nonCare,North,allLshp,60_80pct,658,0.0706,12353.4,11708.7,9138.6
2040,res_unknown,allSize,hot_dry,nonCare,North,allLshp,80_100pct,458,0.0233,22964.4,22832.9,5633.6
2040,res_unknown,allSize,hot_dry,nonCare,Sierra,AllDay,0_50pct,11203,1.0,29135.9,-66485.5,95621.5
2040,res_unknown,allSize,hot_dry,nonCare,Sierra,AllDay,50_100pct,15823,1.0,17947.1,-4473.8,22420.9
2040,res_unknown,allSize,hot_dry,nonCare,Sierra,DayEve,0_20pct,7078,1.0,23808.9,-48458.7,72267.6
2040,res_unknown,allSize,hot_dry,nonCare,Sierra,DayEve,20_40pct,10710,1.0,9841.7,-5094.7,14936.4
2040,res_unknown,allSize,hot_dry,nonCare,Sierra,DayEve,40_60pct,10929,1.0,10776.6,3016.7,7760.0
2040,res_unknown,allSize,hot_dry,nonCare,Sierra,DayEve,60_80pct,10990,0.5778,13053.7,8594.0,7718.9
2040,res_unknown,allSize,hot_dry,nonCare,Sierra,DayEve,80_100pct,10600,0.4534,23156.1,19167.5,8796.8
2040,res_unknown,allSize,hot_dry,nonCare,Sierra,EarlyEve,0_20pct,13920,1.0,34461.3,-86055.7,120516.9
2040,res_unknown,allSize,hot_dry,nonCare,Sierra,EarlyEve,20_40pct,20395,1.0,7314.7,-4233.8,11548.5
2040,res_unknown,allSize,hot_dry,nonCare,Sierra,EarlyEve,40_60pct,20620,0.3685,7256.4,4778.4,6724.2
2040,res_unknown,allSize,hot_dry,nonCare,Sierra,EarlyEve,60_80pct,20225,0.2561,9629.3,7839.4,6988.6
2040,res_unknown,allSize,hot_dry,nonCare,Sierra,EarlyEve,80_100pct,20507,0.1431,14901.6,13889.6,7071.9
2040,res_unknown,allSize,hot_dry,nonCare,Sierra,Flat,0_20pct,3042,0.0,589.8,589.8,
2040,res_unknown,allSize,hot_dry,nonCare,Sierra,Flat,20_40pct,3000,0.0,1482.0,1482.0,
2040,res_unknown,allSize,hot_dry,nonCare,Sierra,Flat,40_60pct,2907,0.0,2565.5,2565.5,
2040,res_unknown,allSize,hot_dry,nonCare,Sierra,Flat,60_80pct,2920,0.0,3867.6,3867.6,
2040,res_unknown,allSize,hot_dry,nonCare,Sierra,Flat,80_100pct,2939,0.0,10590.6,10590.6,
2040,res_unknown,allSize,hot_dry,nonCare,Sierra,FlatCool,0_20pct,8050,0.2213,3730.7,-6911.2,48088.7
2040,res_unknown,allSize,hot_dry,nonCare,Sierra,FlatCool,20_40pct,7900,0.1172,3900.8,3122.9,6639.5
2040,res_unknown,allSize,hot_dry,nonCare,Sierra,FlatCool,40_60pct,7936,0.1627,6803.7,5456.3,8282.0
2040,res_unknown,allSize,hot_dry,nonCare,Sierra,FlatCool,60_80pct,7824,0.1951,10537.6,9158.7,7067.6
2040,res_unknown,allSize,hot_dry,nonCare,Sierra,FlatCool,80_100pct,7667,0.3234,24472.0,22002.0,7636.9
2040,res_unknown,allSize,hot_dry,nonCare,Sierra,LateEve,0_20pct,9745,0.8441,4556.7,-9051.5,16122.2
2040,res_unknown,allSize,hot_dry,nonCare,Sierra,LateEve,20_40pct,9991,0.927,6317.2,-736.6,7609.0
2040,res_unknown,allSize,hot_dry,nonCare,Sierra,LateEve,40_60pct,10100,0.4666,8825.3,5131.3,7916.4
2040,res_unknown,allSize,hot_dry,nonCare,Sierra,LateEve,60_80pct,9503,0.1533,12167.6,11046.8,7310.3
2040,res_unknown,allSize,hot_dry,nonCare,Sierra,LateEve,80_100pct,8653,0.2265,22095.1,20536.3,6882.3
2040,res_unknown,allSize,hot_dry,nonCare,Sierra,MrnEve,0_20pct,9522,1.0,14366.5,-24612.1,38978.6
2040,res_unknown,allSize,hot_dry,nonCare,Sierra,MrnEve,20_40pct,11965,0.7215,7600.4,1699.9,8178.4
2040,res_unknown,allSize,hot_dry,nonCare,Sierra,MrnEve,40_60pct,11689,0.348,9453.2,7098.2,6766.5
2040,res_unknown,allSize,hot_dry,nonCare,Sierra,MrnEve,60_80pct,11797,0.3056,13134.8,11240.4,6197.9
2040,res_unknown,allSize,hot_dry,nonCare,Sierra,MrnEve,80_100pct,11645,0.2214,21972.4,20180.7,8092.8
2040,res_unknown,allSize,hot_dry,nonCare,Sierra,NiteFlat,0_20pct,1843,0.0786,421.9,-502.0,11758.8
2040,res_unknown,allSize,hot_dry,nonCare,Sierra,NiteFlat,20_40pct,1833,0.0327,441.8,331.2,3381.3
2040,res_unknown,allSize,hot_dry,nonCare,Sierra,NiteFlat,40_60pct,1892,0.1691,1122.4,459.5,3920.2
2040,res_unknown,allSize,hot_dry,nonCare,Sierra,NiteFlat,60_80pct,1862,0.0,1857.2,1857.2,
2040,res_unknown,allSize,hot_dry,nonCare,Sierra,NiteFlat,80_100pct,1826,0.1714,6673.3,5055.0,9439.3
2040,res_unknown,allSize,hot_dry,nonCare,Sierra,NitePeak,0_20pct,975,1.0,21782.8,-25476.3,47259.1
2040,res_unknown,allSize,hot_dry,nonCare,Sierra,NitePeak,20_40pct,899,1.0,12675.6,263.4,12412.2
2040,res_unknown,allSize,hot_dry,nonCare,Sierra,NitePeak,40_60pct,774,1.0,15939.9,7821.2,8118.6
2040,res_unknown,allSize,hot_dry,nonCare,Sierra,NitePeak,60_80pct,696,0.912,21388.1,12575.9,9662.5
2040,res_unknown,allSize,hot_dry,nonCare,Sierra,NitePeak,80_100pct,643,0.5043,30688.7,26031.4,9234.8
2040,res_unknown,allSize,hot_dry,nonCare,Stockton,AllDay,0_50pct,3411,1.0,11612.6,-24432.2,36044.9
2040,res_unknown,allSize,hot_dry,nonCare,Stockton,AllDay,50_100pct,7763,1.0,15491.7,-9605.4,25097.1
2040,res_unknown,allSize,hot_dry,nonCare,Stockton,DayEve,0_20pct,2669,1.0,13551.6,-21094.1,34645.7
2040,res_unknown,allSize,hot_dry,nonCare,Stockton,DayEve,20_40pct,4215,1.0,8199.3,-473.0,8672.3
2040,res_unknown,allSize,hot_dry,nonCare,Stockton,DayEve,40_60pct,4350,0.4224,8665.7,6228.8,5769.8
2040,res_unknown,allSize,hot_dry,nonCare,Stockton,DayEve,60_80pct,4424,0.4162,12230.6,9136.0,7436.0
2040,res_unknown,allSize,hot_dry,nonCare,Stockton,DayEve,80_100pct,4327,0.3512,18271.2,15262.3,8568.0
2040,res_unknown,allSize,hot_dry,nonCare,Stockton,EarlyEve,0_20pct,5477,1.0,5056.6,-9588.7,14645.3
2040,res_unknown,allSize,hot_dry,nonCare,Stockton,EarlyEve,20_40pct,8385,0.7554,5456.8,-99.7,7355.9
2040,res_unknown,allSize,hot_dry,nonCare,Stockton,EarlyEve,40_60pct,8203,0.2366,6694.8,4807.0,7979.1
2040,res_unknown,allSize,hot_dry,nonCare,Stockton,EarlyEve,60_80pct,8379,0.1169,9219.4,7976.5,10631.6
2040,res_unknown,allSize,hot_dry,nonCare,Stockton,EarlyEve,80_100pct,7951,0.116,13635.5,13007.3,5416.5
2040,res_unknown,allSize,hot_dry,nonCare,Stockton,FlatCool,0_20pct,4476,0.0902,1151.1,866.9,3151.5
2040,res_unknown,allSize,hot_dry,nonCare,Stockton,FlatCool,20_40pct,4352,0.0231,3406.7,3079.6,14128.1
2040,res_unknown,allSize,hot_dry,nonCare,Stockton,FlatCool,40_60pct,4352,0.1403,6342.3,5118.7,8718.9
2040,res_unknown,allSize,hot_dry,nonCare,Stockton,FlatCool,60_80pct,4293,0.4282,10653.8,6455.1,9804.8
2040,res_unknown,allSize,hot_dry,nonCare,Stockton,FlatCool,80_100pct,4411,0.1378,21526.8,20524.8,7273.3
2040,res_unknown,allSize,hot_dry,nonCare,Stockton,LateEve,0_20pct,4903,0.5166,2342.1,-2029.9,8462.7
2040,res_unknown,allSize,hot_dry,nonCare,Stockton,LateEve,20_40pct,5240,0.6408,6001.0,2145.4,6016.8
2040,res_unknown,allSize,hot_dry,nonCare,Stockton,LateEve,40_60pct,5130,0.4271,8906.4,6094.8,6582.3
2040,res_unknown,allSize,hot_dry,nonCare,Stockton,LateEve,60_80pct,5127,0.1414,11616.7,10355.2,8924.2
2040,res_unknown,allSize,hot_dry,nonCare,Stockton,LateEve,80_100pct,5113,0.08,19191.7,18695.9,6197.0
2040,res_unknown,allSize,hot_dry,nonCare,Stockton,MrnEve,0_20pct,4036,1.0,6119.8,-7087.8,13207.6
2040,res_unknown,allSize,hot_dry,nonCare,Stockton,MrnEve,20_40pct,4417,0.3456,6078.0,4484.7,4610.1
2040,res_unknown,allSize,hot_dry,nonCare,Stockton,MrnEve,40_60pct,4498,0.205,9359.7,6617.2,13376.1
2040,res_unknown,allSize,hot_dry,nonCare,Stockton,MrnEve,60_80pct,4567,0.135,11761.6,10490.7,9410.9
2040,res_unknown,allSize,hot_dry,nonCare,Stockton,MrnEve,80_100pct,4278,0.2131,21599.0,19895.1,7994.7
2040,res_unknown,allSize,hot_dry,nonCare,Stockton,NiteFlat+Flat,0_20pct,3500,0.0276,635.4,213.7,15250.8
2040,res_unknown,allSize,hot_dry,nonCare,Stockton,NiteFlat+Flat,20_40pct,3339,0.0,1347.4,1347.4,
2040,res_unknown,allSize,hot_dry,nonCare,Stockton,NiteFlat+Flat,40_60pct,3493,0.0,2140.6,2140.6,
2040,res_unknown,allSize,hot_dry,nonCare,Stockton,NiteFlat+Flat,60_80pct,3359,0.0,3302.3,3302.3,
2040,res_unknown,allSize,hot_dry,nonCare,Stockton,NiteFlat+Flat,80_100pct,3268,0.0372,12432.1,12335.7,2591.6
2040,res_unknown,allSize,hot_dry,nonCare,Stockton,NitePeak,0_50pct,1251,0.4772,6957.0,3630.3,6970.8
2040,res_unknown,allSize,hot_dry,nonCare,Stockton,NitePeak,50_100pct,602,0.6307,15772.2,10862.0,7785.1
2040,res_unknown,allSize,marine,Care,Bay,AllDay,0_100pct,4987,1.0,8101.3,-369.6,8471.0
2040,res_unknown,allSize,marine,Care,Bay,DayEve,0_20pct,6877,0.6356,2253.1,-1423.6,5784.3
2040,res_unknown,allSize,marine,Care,Bay,DayEve,20_40pct,14701,0.1505,2720.6,1886.4,5543.0
2040,res_unknown,allSize,marine,Care,Bay,DayEve,40_60pct,14367,0.1324,4181.4,3532.1,4904.4
2040,res_unknown,allSize,marine,Care,Bay,DayEve,60_80pct,14006,0.0912,5917.7,5608.7,3388.5
2040,res_unknown,allSize,marine,Care,Bay,DayEve,80_100pct,13784,0.0962,10168.1,9739.9,4451.9
2040,res_unknown,allSize,marine,Care,Bay,EarlyEve,0_20pct,18106,0.449,2096.4,-144.2,4990.1
2040,res_unknown,allSize,marine,Care,Bay,EarlyEve,20_40pct,29080,0.0772,2749.1,2449.0,3886.9
2040,res_unknown,allSize,marine,Care,Bay,EarlyEve,40_60pct,28514,0.0169,3904.3,3807.7,5705.6
2040,res_unknown,allSize,marine,Care,Bay,EarlyEve,60_80pct,27012,0.0483,5576.5,5364.3,4388.6
2040,res_unknown,allSize,marine,Care,Bay,EarlyEve,80_100pct,25788,0.0274,9351.9,9258.5,3412.8
2040,res_unknown,allSize,marine,Care,Bay,Flat,0_50pct,5788,0.0009,1491.8,1485.2,7632.1
2040,res_unknown,allSize,marine,Care,Bay,Flat,50_100pct,5604,0.0,8422.2,8422.2,
2040,res_unknown,allSize,marine,Care,Bay,FlatCool,0_20pct,10545,0.0375,1517.0,1267.4,6649.3
2040,res_unknown,allSize,marine,Care,Bay,FlatCool,20_40pct,11213,0.0561,3015.5,2854.1,2878.2
2040,res_unknown,allSize,marine,Care,Bay,FlatCool,40_60pct,11346,0.055,4783.3,4449.8,6061.9
2040,res_unknown,allSize,marine,Care,Bay,FlatCool,60_80pct,10485,0.0295,6788.1,6680.0,3663.7
2040,res_unknown,allSize,marine,Care,Bay,FlatCool,80_100pct,10916,0.0868,10935.0,10733.6,2321.2
2040,res_unknown,allSize,marine,Care,Bay,LateEve,0_20pct,17218,0.113,49113.0,48598.7,4550.5
2040,res_unknown,allSize,marine,Care,Bay,LateEve,20_40pct,20452,0.0596,3657.2,3490.5,2794.2
2040,res_unknown,allSize,marine,Care,Bay,LateEve,40_60pct,19626,0.0517,5555.2,5277.6,5369.2
2040,res_unknown,allSize,marine,Care,Bay,LateEve,60_80pct,17781,0.0958,7831.3,7500.5,3455.8
2040,res_unknown,allSize,marine,Care,Bay,LateEve,80_100pct,16291,0.0619,13269.5,12959.7,5003.9
2040,res_unknown,allSize,marine,Care,Bay,MrnEve,0_20pct,14255,0.3386,1933.3,501.2,4229.3
2040,res_unknown,allSize,marine,Care,Bay,MrnEve,20_40pct,17815,0.0738,2944.2,2645.9,4040.0
2040,res_unknown,allSize,marine,Care,Bay,MrnEve,40_60pct,16999,0.0372,4259.5,4052.2,5572.0
2040,res_unknown,allSize,marine,Care,Bay,MrnEve,60_80pct,16676,0.0747,6176.8,5854.2,4316.9
2040,res_unknown,allSize,marine,Care,Bay,MrnEve,80_100pct,16486,0.0582,9416.6,8870.1,9383.6
2040,res_unknown,allSize,marine,Care,Bay,NiteFlat,0_100pct,1977,0.0154,4019.8,3883.9,8814.4
2040,res_unknown,allSize,marine,Care,Bay,NitePeak,0_20pct,3731,0.0096,2177.9,2109.9,7076.0
2040,res_unknown,allSize,marine,Care,Bay,NitePeak,20_40pct,3793,0.0017,3908.3,3900.6,4583.7
2040,res_unknown,allSize,marine,Care,Bay,NitePeak,40_60pct,2924,0.0078,6154.1,6101.6,6724.9
2040,res_unknown,allSize,marine,Care,Bay,NitePeak,60_80pct,2698,0.1298,9396.6,9154.6,1864.9
2040,res_unknown,allSize,marine,Care,Bay,NitePeak,80_100pct,1551,0.0758,22930.5,22692.6,3136.3
2040,res_unknown,allSize,marine,Care,Humboldt,DayEve,0_50pct,929,0.6926,3878.8,815.8,4422.8
2040,res_unknown,allSize,marine,Care,Humboldt,DayEve,50_100pct,793,0.0,9615.2,9615.2,
2040,res_unknown,allSize,marine,Care,Humboldt,EarlyEve,0_20pct,1026,0.3401,2106.4,277.4,5378.0
2040,res_unknown,allSize,marine,Care,Humboldt,EarlyEve,20_40pct,1118,0.0,3478.1,3478.1,
2040,res_unknown,allSize,marine,Care,Humboldt,EarlyEve,40_60pct,1368,0.0,5661.4,5661.4,
2040,res_unknown,allSize,marine,Care,Humboldt,EarlyEve,60_80pct,1095,0.0,7709.9,7709.9,
2040,res_unknown,allSize,marine,Care,Humboldt,EarlyEve,80_100pct,824,0.0,13615.4,13615.4,
2040,res_unknown,allSize,marine,Care,Humboldt,Flat,0_100pct,1063,0.0,3462.2,3462.2,
2040,res_unknown,allSize,marine,Care,Humboldt,FlatCool+AllDay,0_20pct,927,0.0554,1450.2,1197.6,4556.3
2040,res_unknown,allSize,marine,Care,Humboldt,FlatCool+AllDay,20_40pct,1104,0.0,3729.1,3729.1,
2040,res_unknown,allSize,marine,Care,Humboldt,FlatCool+AllDay,40_60pct,937,0.0,5603.5,5603.5,
2040,res_unknown,allSize,marine,Care,Humboldt,FlatCool+AllDay,60_80pct,1011,0.0,7524.6,7524.6,
2040,res_unknown,allSize,marine,Care,Humboldt,FlatCool+AllDay,80_100pct,720,0.4421,23508.2,21624.6,4260.5
2040,res_unknown,allSize,marine,Care,Humboldt,LateEve+NitePeak,0_20pct,1096,0.0234,3053.7,2987.8,2813.1
2040,res_unknown,allSize,marine,Care,Humboldt,LateEve+NitePeak,20_40pct,944,0.0,4643.4,4643.4,
2040,res_unknown,allSize,marine,Care,Humboldt,LateEve+NitePeak,40_60pct,710,0.0,7168.6,7168.6,
2040,res_unknown,allSize,marine,Care,Humboldt,LateEve+NitePeak,60_80pct,562,0.0,12787.9,12787.9,
2040,res_unknown,allSize,marine,Care,Humboldt,LateEve+NitePeak,80_100pct,445,0.0174,30776.1,30624.5,8710.4
2040,res_unknown,allSize,marine,Care,Humboldt,MrnEve,0_20pct,930,0.3879,1943.9,514.7,3684.3
2040,res_unknown,allSize,marine,Care,Humboldt,MrnEve,20_40pct,949,0.0,3406.5,3406.5,
2040,res_unknown,allSize,marine,Care,Humboldt,MrnEve,40_60pct,932,0.0,5278.5,5278.5,
2040,res_unknown,allSize,marine,Care,Humboldt,MrnEve,60_80pct,888,0.0,10020.6,10020.6,
2040,res_unknown,allSize,marine,Care,Humboldt,MrnEve,80_100pct,712,0.4432,24647.3,22712.7,4365.2
2040,res_unknown,allSize,marine,Care,NoLCA,allLshp,0_20pct,8611,0.6706,2330.9,-1178.4,5233.2
2040,res_unknown,allSize,marine,Care,NoLCA,allLshp,20_40pct,11994,0.18,3013.3,2402.2,3395.0
2040,res_unknown,allSize,marine,Care,NoLCA,allLshp,40_60pct,12041,0.085,4272.3,3965.1,3612.3
2040,res_unknown,allSize,marine,Care,NoLCA,allLshp,60_80pct,11303,0.0826,6016.8,5614.4,4874.7
2040,res_unknown,allSize,marine,Care,NoLCA,allLshp,80_100pct,10091,0.0333,13492.6,13384.9,3232.6
2040,res_unknown,allSize,marine,Care,North,allLshp,0_20pct,15465,0.2632,2153.5,457.0,6446.5
2040,res_unknown,allSize,marine,Care,North,allLshp,20_40pct,23489,0.0439,3517.8,3237.4,6393.5
2040,res_unknown,allSize,marine,Care,North,allLshp,40_60pct,21867,0.0583,5573.0,5255.1,5454.4
2040,res_unknown,allSize,marine,Care,North,allLshp,60_80pct,20766,0.0923,8371.7,7731.8,6934.7
2040,res_unknown,allSize,marine,Care,North,allLshp,80_100pct,18895,0.0475,18599.3,18083.7,10848.5
2040,res_unknown,allSize,marine,nonCare,Bay,AllDay,0_100pct,60155,1.0,13510.7,-3240.0,16750.6
2040,res_unknown,allSize,marine,nonCare,Bay,DayEve,0_20pct,12519,1.0,8119.0,-13348.0,21467.0
2040,res_unknown,allSize,marine,nonCare,Bay,DayEve,20_40pct,43526,1.0,4995.4,-1591.0,6586.4
2040,res_unknown,allSize,marine,nonCare,Bay,DayEve,40_60pct,45437,0.3604,5654.2,3472.5,6053.3
2040,res_unknown,allSize,marine,nonCare,Bay,DayEve,60_80pct,44190,0.2786,8815.2,6824.5,7144.4
2040,res_unknown,allSize,marine,nonCare,Bay,DayEve,80_100pct,42122,0.3071,18243.1,15813.5,7910.9
2040,res_unknown,allSize,marine,nonCare,Bay,EarlyEve,0_20pct,66433,1.0,3663.3,-5155.7,8819.0
2040,res_unknown,allSize,marine,nonCare,Bay,EarlyEve,20_40pct,119313,0.3118,3139.1,1524.8,5177.5
2040,res_unknown,allSize,marine,nonCare,Bay,EarlyEve,40_60pct,115028,0.1752,5042.2,4121.4,5255.2
2040,res_unknown,allSize,marine,nonCare,Bay,EarlyEve,60_80pct,112368,0.1054,7254.8,6671.1,5539.9
2040,res_unknown,allSize,marine,nonCare,Bay,EarlyEve,80_100pct,103891,0.1064,13108.7,12411.1,6555.3
2040,res_unknown,allSize,marine,nonCare,Bay,Flat,0_20pct,23286,0.0017,263.5,254.7,5151.4
2040,res_unknown,allSize,marine,nonCare,Bay,Flat,20_40pct,23333,0.0,774.6,774.6,
2040,res_unknown,allSize,marine,nonCare,Bay,Flat,40_60pct,22167,0.0,1682.5,1682.5,
2040,res_unknown,allSize,marine,nonCare,Bay,Flat,60_80pct,22131,0.0,3295.0,3295.0,
2040,res_unknown,allSize,marine,nonCare,Bay,Flat,80_100pct,21953,0.0144,13142.4,13107.1,2457.1
2040,res_unknown,allSize,marine,nonCare,Bay,FlatCool,0_20pct,55077,0.1077,970.4,460.8,4732.1
2040,res_unknown,allSize,marine,nonCare,Bay,FlatCool,20_40pct,56300,0.0407,2479.0,2335.2,3533.4
2040,res_unknown,allSize,marine,nonCare,Bay,FlatCool,40_60pct,54624,0.0369,4372.4,4148.1,6075.2
2040,res_unknown,allSize,marine,nonCare,Bay,FlatCool,60_80pct,52441,0.0759,7657.0,7154.2,6620.4
2040,res_unknown,allSize,marine,nonCare,Bay,FlatCool,80_100pct,47737,0.1068,17327.3,16459.5,8127.4
2040,res_unknown,allSize,marine,nonCare,Bay,LateEve,0_20pct,79935,0.42,1707.5,-466.4,5175.7
2040,res_unknown,allSize,marine,nonCare,Bay,LateEve,20_40pct,92266,0.1862,4137.4,3156.9,5266.2
2040,res_unknown,allSize,marine,nonCare,Bay,LateEve,40_60pct,84079,0.1319,7293.9,6574.0,5456.2
2040,res_unknown,allSize,marine,nonCare,Bay,LateEve,60_80pct,71770,0.1164,10311.2,9597.3,6130.6
2040,res_unknown,allSize,marine,nonCare,Bay,LateEve,80_100pct,57872,0.1656,17974.6,17069.4,5466.1
2040,res_unknown,allSize,marine,nonCare,Bay,MrnEve,0_20pct,65787,0.925,3022.4,-1283.8,4655.6
2040,res_unknown,allSize,marine,nonCare,Bay,MrnEve,20_40pct,87121,0.1961,3910.2,2718.2,6080.1
2040,res_unknown,allSize,marine,nonCare,Bay,MrnEve,40_60pct,84109,0.1697,5778.8,5040.5,4350.1
2040,res_unknown,allSize,marine,nonCare,Bay,MrnEve,60_80pct,82794,0.1083,7943.9,7387.5,5138.4
2040,res_unknown,allSize,marine,nonCare,Bay,MrnEve,80_100pct,81498,0.1261,14533.0,13809.0,5741.3
2040,res_unknown,allSize,marine,nonCare,Bay,NiteFlat,0_20pct,18775,0.0374,244.3,32.6,5653.8
2040,res_unknown,allSize,marine,nonCare,Bay,NiteFlat,20_40pct,19891,0.0158,294.9,256.2,2444.2
2040,res_unknown,allSize,marine,nonCare,Bay,NiteFlat,40_60pct,19679,0.0,692.6,692.6,
2040,res_unknown,allSize,marine,nonCare,Bay,NiteFlat,60_80pct,19577,0.0029,1382.7,1367.1,5375.3
2040,res_unknown,allSize,marine,nonCare,Bay,NiteFlat,80_100pct,17777,0.0303,6620.0,6509.8,3640.9
2040,res_unknown,allSize,marine,nonCare,Bay,NitePeak,0_20pct,25463,0.5026,4057.4,647.3,6785.1
2040,res_unknown,allSize,marine,nonCare,Bay,NitePeak,20_40pct,25420,0.2943,6866.6,5003.1,6332.6
2040,res_unknown,allSize,marine,nonCare,Bay,NitePeak,40_60pct,18085,0.4612,10617.0,8004.5,5664.4
2040,res_unknown,allSize,marine,nonCare,Bay,NitePeak,60_80pct,10803,0.6981,15043.7,10964.1,5844.3
2040,res_unknown,allSize,marine,nonCare,Bay,NitePeak,80_100pct,8829,0.5404,24319.0,20520.3,7028.9
2040,res_unknown,allSize,marine,nonCare,Humboldt,allLshp,0_20pct,8661,0.5344,1683.3,-1712.4,6354.1
2040,res_unknown,allSize,marine,nonCare,Humboldt,allLshp,20_40pct,12030,0.1488,2959.4,1843.8,7497.6
2040,res_unknown,allSize,marine,nonCare,Humboldt,allLshp,40_60pct,11745,0.0567,5507.3,5131.9,6625.5
2040,res_unknown,allSize,marine,nonCare,Humboldt,allLshp,60_80pct,10972,0.1283,9320.2,8502.6,6372.3
2040,res_unknown,allSize,marine,nonCare,Humboldt,allLshp,80_100pct,7195,0.2008,40295.8,39067.8,6116.9
2040,res_unknown,allSize,marine,nonCare,NoLCA,AllDay,0_100pct,7837,1.0,12035.4,-12355.7,24391.1
2040,res_unknown,allSize,marine,nonCare,NoLCA,DayEve,0_20pct,3385,1.0,6959.4,-14637.8,21597.2
2040,res_unknown,allSize,marine,nonCare,NoLCA,DayEve,20_40pct,5117,0.9008,4827.1,-1019.5,6490.4
2040,res_unknown,allSize,marine,nonCare,NoLCA,DayEve,40_60pct,4983,0.2027,4969.8,3822.3,5660.8
2040,res_unknown,allSize,marine,nonCare,NoLCA,DayEve,60_80pct,5065,0.3104,6897.1,5019.4,6049.7
2040,res_unknown,allSize,marine,nonCare,NoLCA,DayEve,80_100pct,4844,0.3863,12446.3,9641.8,7259.7
2040,res_unknown,allSize,marine,nonCare,NoLCA,EarlyEve,0_20pct,4689,1.0,6033.1,-10290.3,16323.3
2040,res_unknown,allSize,marine,nonCare,NoLCA,EarlyEve,20_40pct,7666,1.0,4711.6,-3291.1,8002.7
2040,res_unknown,allSize,marine,nonCare,NoLCA,EarlyEve,40_60pct,7504,0.2988,4920.2,3055.4,6240.0
2040,res_unknown,allSize,marine,nonCare,NoLCA,EarlyEve,60_80pct,7718,0.1614,6083.9,5225.9,5316.6
2040,res_unknown,allSize,marine,nonCare,NoLCA,EarlyEve,80_100pct,6817,0.0993,11219.4,10568.3,6558.2
2040,res_unknown,allSize,marine,nonCare,NoLCA,Flat,0_20pct,3124,0.0,411.0,411.0,
2040,res_unknown,allSize,marine,nonCare,NoLCA,Flat,20_40pct,3151,0.0,1246.1,1246.1,
2040,res_unknown,allSize,marine,nonCare,NoLCA,Flat,40_60pct,2884,0.0,2096.8,2096.8,
2040,res_unknown,allSize,marine,nonCare,NoLCA,Flat,60_80pct,2897,0.0,3055.1,3055.1,
2040,res_unknown,allSize,marine,nonCare,NoLCA,Flat,80_100pct,2603,0.0101,9951.7,9938.4,1306.8
2040,res_unknown,allSize,marine,nonCare,NoLCA,FlatCool,0_20pct,5076,0.2139,1675.1,-261.3,9054.4
2040,res_unknown,allSize,marine,nonCare,NoLCA,FlatCool,20_40pct,4825,0.1367,2971.0,2063.3,6638.4
2040,res_unknown,allSize,marine,nonCare,NoLCA,FlatCool,40_60pct,4930,0.0566,4730.5,4360.9,6527.6
2040,res_unknown,allSize,marine,nonCare,NoLCA,FlatCool,60_80pct,5043,0.1316,7290.0,6608.9,5176.7
2040,res_unknown,allSize,marine,nonCare,NoLCA,FlatCool,80_100pct,4516,0.1118,15362.4,14608.4,6741.2
2040,res_unknown,allSize,marine,nonCare,NoLCA,LateEve,0_20pct,5082,0.7981,2387.2,-2080.2,5597.8
2040,res_unknown,allSize,marine,nonCare,NoLCA,LateEve,20_40pct,5840,0.1704,3586.4,1882.8,9997.4
2040,res_unknown,allSize,marine,nonCare,NoLCA,LateEve,40_60pct,5268,0.0294,5767.0,5643.7,4188.4
2040,res_unknown,allSize,marine,nonCare,NoLCA,LateEve,60_80pct,4668,0.0577,9879.8,9559.4,5551.7
2040,res_unknown,allSize,marine,nonCare,NoLCA,LateEve,80_100pct,4229,0.0403,17411.7,17145.1,6614.6
2040,res_unknown,allSize,marine,nonCare,NoLCA,MrnEve,0_20pct,8880,1.0,4847.1,-6583.7,11430.7
2040,res_unknown,allSize,marine,nonCare,NoLCA,MrnEve,20_40pct,11391,0.2888,3675.4,2182.2,5169.9
2040,res_unknown,allSize,marine,nonCare,NoLCA,MrnEve,40_60pct,11448,0.0908,4857.8,4185.5,7405.9
2040,res_unknown,allSize,marine,nonCare,NoLCA,MrnEve,60_80pct,11152,0.064,6647.4,6128.7,8103.5
2040,res_unknown,allSize,marine,nonCare,NoLCA,MrnEve,80_100pct,11099,0.1724,11490.2,10644.9,4902.0
2040,res_unknown,allSize,marine,nonCare,NoLCA,NiteFlat,0_20pct,1192,0.1649,290.8,-762.5,6388.6
2040,res_unknown,allSize,marine,nonCare,NoLCA,NiteFlat,20_40pct,1227,0.0,407.7,407.7,
2040,res_unknown,allSize,marine,nonCare,NoLCA,NiteFlat,40_60pct,1226,0.0,1262.4,1262.4,
2040,res_unknown,allSize,marine,nonCare,NoLCA,NiteFlat,60_80pct,1099,0.0,2651.7,2651.7,
2040,res_unknown,allSize,marine,nonCare,NoLCA,NiteFlat,80_100pct,1106,0.0,8693.6,8693.6,
2040,res_unknown,allSize,marine,nonCare,NoLCA,NitePeak,0_20pct,970,1.0,8060.8,-5792.2,13853.0
2040,res_unknown,allSize,marine,nonCare,NoLCA,NitePeak,20_40pct,1057,0.5068,7084.0,3156.0,7751.0
2040,res_unknown,allSize,marine,nonCare,NoLCA,NitePeak,40_60pct,1244,0.4103,9346.5,7083.2,5515.8
2040,res_unknown,allSize,marine,nonCare,NoLCA,NitePeak,60_80pct,827,0.2714,13359.6,11879.0,5456.3
2040,res_unknown,allSize,marine,nonCare,NoLCA,NitePeak,80_100pct,409,0.7535,18839.5,14822.2,5331.4
2040,res_unknown,allSize,marine,nonCare,North,AllDay,0_50pct,5734,1.0,10060.5,-17212.2,27272.7
2040,res_unknown,allSize,marine,nonCare,North,AllDay,50_100pct,16277,1.0,15863.9,2728.1,13135.8
2040,res_unknown,allSize,marine,nonCare,North,DayEve,0_20pct,4853,1.0,6463.1,-8796.6,15259.7
2040,res_unknown,allSize,marine,nonCare,North,DayEve,20_40pct,9206,0.7171,5697.7,703.6,6964.6
2040,res_unknown,allSize,marine,nonCare,North,DayEve,40_60pct,9481,0.4243,7872.2,3976.5,9181.8
2040,res_unknown,allSize,marine,nonCare,North,DayEve,60_80pct,9054,0.4475,11330.8,8467.4,6398.7
2040,res_unknown,allSize,marine,nonCare,North,DayEve,80_100pct,8347,0.4881,24697.8,20797.4,7991.3
2040,res_unknown,allSize,marine,nonCare,North,EarlyEve,0_20pct,13903,1.0,4286.6,-5322.7,9609.3
2040,res_unknown,allSize,marine,nonCare,North,EarlyEve,20_40pct,24162,0.5091,4457.9,1329.6,6144.2
2040,res_unknown,allSize,marine,nonCare,North,EarlyEve,40_60pct,24483,0.1471,5605.9,4833.4,5253.1
2040,res_unknown,allSize,marine,nonCare,North,EarlyEve,60_80pct,24449,0.1987,8083.3,6997.4,5464.2
2040,res_unknown,allSize,marine,nonCare,North,EarlyEve,80_100pct,22603,0.1813,14340.4,12781.1,8603.0
2040,res_unknown,allSize,marine,nonCare,North,Flat,0_20pct,4720,0.0079,537.1,492.5,5614.5
2040,res_unknown,allSize,marine,nonCare,North,Flat,20_40pct,4508,0.0,1401.0,1401.0,
2040,res_unknown,allSize,marine,nonCare,North,Flat,40_60pct,4332,0.0,2166.6,2166.6,
2040,res_unknown,allSize,marine,nonCare,North,Flat,60_80pct,4396,0.012,3717.5,3716.8,58.8
2040,res_unknown,allSize,marine,nonCare,North,Flat,80_100pct,4042,0.0137,31030.3,30926.2,7595.1
2040,res_unknown,allSize,marine,nonCare,North,FlatCool,0_20pct,11645,0.0729,1444.8,891.2,7593.0
2040,res_unknown,allSize,marine,nonCare,North,FlatCool,20_40pct,11778,0.0264,3306.1,3132.8,6569.1
2040,res_unknown,allSize,marine,nonCare,North,FlatCool,40_60pct,11599,0.0095,5689.4,5607.7,8565.5
2040,res_unknown,allSize,marine,nonCare,North,FlatCool,60_80pct,10688,0.0649,10476.6,9875.0,9269.5
2040,res_unknown,allSize,marine,nonCare,North,FlatCool,80_100pct,9254,0.2487,29579.0,27190.9,9603.5
2040,res_unknown,allSize,marine,nonCare,North,LateEve,0_20pct,11527,0.2664,1068.0,-855.3,7220.1
2040,res_unknown,allSize,marine,nonCare,North,LateEve,20_40pct,12393,0.2505,4159.0,2910.7,4982.5
2040,res_unknown,allSize,marine,nonCare,North,LateEve,40_60pct,12418,0.1761,7318.4,6344.7,5527.9
2040,res_unknown,allSize,marine,nonCare,North,LateEve,60_80pct,10268,0.0654,11602.0,11219.4,5848.1
2040,res_unknown,allSize,marine,nonCare,North,LateEve,80_100pct,8135,0.2184,23924.0,22030.9,8667.6
2040,res_unknown,allSize,marine,nonCare,North,MrnEve,0_20pct,14205,0.9303,4523.8,-2124.9,7147.1
2040,res_unknown,allSize,marine,nonCare,North,MrnEve,20_40pct,18684,0.2484,4570.8,3372.7,4822.9
2040,res_unknown,allSize,marine,nonCare,North,MrnEve,40_60pct,18227,0.0642,6605.1,6312.9,4549.5
2040,res_unknown,allSize,marine,nonCare,North,MrnEve,60_80pct,18360,0.1745,9151.8,8208.6,5406.3
2040,res_unknown,allSize,marine,nonCare,North,MrnEve,80_100pct,17644,0.2209,17312.4,15411.8,8603.3
2040,res_unknown,allSize,marine,nonCare,North,NiteFlat,0_20pct,2134,0.0546,350.7,-101.4,8286.8
2040,res_unknown,allSize,marine,nonCare,North,NiteFlat,20_40pct,2670,0.0,310.1,310.1,
2040,res_unknown,allSize,marine,nonCare,North,NiteFlat,40_60pct,2579,0.0,822.8,822.8,
2040,res_unknown,allSize,marine,nonCare,North,NiteFlat,60_80pct,2685,0.0,2147.4,2147.4,
2040,res_unknown,allSize,marine,nonCare,North,NiteFlat,80_100pct,1867,0.0624,24814.0,24184.9,10073.6
2040,res_unknown,allSize,marine,nonCare,North,NitePeak,0_20pct,2863,0.6285,4379.4,-763.5,8182.2
2040,res_unknown,allSize,marine,nonCare,North,NitePeak,20_40pct,2487,0.557,8151.1,4035.7,7388.9
2040,res_unknown,allSize,marine,nonCare,North,NitePeak,40_60pct,1996,0.7335,12816.9,8622.7,5718.0
2040,res_unknown,allSize,marine,nonCare,North,NitePeak,60_80pct,1580,0.7271,19089.4,14131.1,6819.7
2040,res_unknown,allSize,marine,nonCare,North,NitePeak,80_100pct,1030,0.4973,25327.4,22180.2,6329.0
2050,master_mtr,allSize,hot_dry,allCare,allLca,allLshp,0_25pct,1203,0.78,3465.3,-9680.6,16853.9
2050,master_mtr,allSize,hot_dry,allCare,allLca,allLshp,25_50pct,1131,0.3926,7308.9,996.4,16079.8
2050,master_mtr,allSize,hot_dry,allCare,allLca,allLshp,50_75pct,1276,0.3432,13418.1,11968.7,4222.6
2050,master_mtr,allSize,hot_dry,allCare,allLca,allLshp,75_100pct,1266,0.6901,114395.3,71130.0,62694.9
2050,master_mtr,allSize,marine,Care,allLca,allLshp,0_100pct,1140,0.4248,247873.9,246874.0,2354.1
2050,master_mtr,allSize,marine,nonCare,allLca,allLshp,0_50pct,7927,0.6145,3552.6,-380.9,6401.3
2050,master_mtr,allSize,marine,nonCare,allLca,allLshp,50_100pct,9677,0.4135,38919.4,35593.2,8045.1
2050,res_unknown,allSize,hot_dry,Care,Bay,allLshp,0_20pct,12103,1.0,3643.7,-3945.3,7589.0
2050,res_unknown,allSize,hot_dry,Care,Bay,allLshp,20_40pct,19180,0.2007,4172.1,3275.7,4466.5
2050,res_unknown,allSize,hot_dry,Care,Bay,allLshp,40_60pct,18614,0.0055,6368.7,6348.5,3700.0
2050,res_unknown,allSize,hot_dry,Care,Bay,allLshp,60_80pct,18618,0.0833,8725.7,8143.2,6995.4
2050,res_unknown,allSize,hot_dry,Care,Bay,allLshp,80_100pct,17629,0.2211,15734.5,14669.9,4814.5
2050,res_unknown,allSize,hot_dry,Care,Fresno,AllDay,0_50pct,2493,1.0,10878.8,-32633.3,43512.1
2050,res_unknown,allSize,hot_dry,Care,Fresno,AllDay,50_100pct,14367,1.0,11530.7,-8759.5,20290.2
2050,res_unknown,allSize,hot_dry,Care,Fresno,DayEve,0_20pct,8196,1.0,6074.6,-8808.5,14883.1
2050,res_unknown,allSize,hot_dry,Care,Fresno,DayEve,20_40pct,12503,0.4051,6253.4,3471.7,6867.1
2050,res_unknown,allSize,hot_dry,Care,Fresno,DayEve,40_60pct,12303,0.2954,8205.3,6977.5,4156.3
2050,res_unknown,allSize,hot_dry,Care,Fresno,DayEve,60_80pct,12505,0.3272,10955.4,8640.4,7074.3
2050,res_unknown,allSize,hot_dry,Care,Fresno,DayEve,80_100pct,12587,0.5455,18337.0,14460.0,7106.8
2050,res_unknown,allSize,hot_dry,Care,Fresno,EarlyEve,0_20pct,15142,0.9807,3760.8,-1849.0,5720.0
2050,res_unknown,allSize,hot_dry,Care,Fresno,EarlyEve,20_40pct,20865,0.3526,5453.6,3529.5,5456.4
2050,res_unknown,allSize,hot_dry,Care,Fresno,EarlyEve,40_60pct,20443,0.1583,7148.0,6494.1,4129.5
2050,res_unknown,allSize,hot_dry,Care,Fresno,EarlyEve,60_80pct,20625,0.0525,9136.9,8972.0,3140.2
2050,res_unknown,allSize,hot_dry,Care,Fresno,EarlyEve,80_100pct,20698,0.048,12826.8,12605.0,4617.5
2050,res_unknown,allSize,hot_dry,Care,Fresno,Flat,0_50pct,1474,0.0,1634.1,1634.1,
2050,res_unknown,allSize,hot_dry,Care,Fresno,Flat,50_100pct,1464,0.0,11708.6,11708.6,
2050,res_unknown,allSize,hot_dry,Care,Fresno,FlatCool,0_20pct,4221,0.01,2045.4,1941.4,10449.1
2050,res_unknown,allSize,hot_dry,Care,Fresno,FlatCool,20_40pct,4274,0.0,4405.2,4405.2,
2050,res_unknown,allSize,hot_dry,Care,Fresno,FlatCool,40_60pct,4370,0.0,6670.4,6670.4,
2050,res_unknown,allSize,hot_dry,Care,Fresno,FlatCool,60_80pct,4154,0.0,9624.7,9624.7,
2050,res_unknown,allSize,hot_dry,Care,Fresno,FlatCool,80_100pct,4175,0.2187,19120.8,18911.1,958.8
2050,res_unknown,allSize,hot_dry,Care,Fresno,LateEve,0_20pct,13346,0.6317,4374.5,192.1,6621.0
2050,res_unknown,allSize,hot_dry,Care,Fresno,LateEve,20_40pct,14908,0.122,6547.2,5698.9,6955.6
2050,res_unknown,allSize,hot_dry,Care,Fresno,LateEve,40_60pct,14657,0.1555,8851.8,7558.6,8317.1
2050,res_unknown,allSize,hot_dry,Care,Fresno,LateEve,60_80pct,14393,0.0315,11038.2,10795.1,7722.9
2050,res_unknown,allSize,hot_dry,Care,Fresno,LateEve,80_100pct,14218,0.0642,17245.4,17063.0,2840.7
2050,res_unknown,allSize,hot_dry,Care,Fresno,MrnEve,0_20pct,4559,0.6445,3389.5,-407.7,5891.8
2050,res_unknown,allSize,hot_dry,Care,Fresno,MrnEve,20_40pct,4917,0.1991,5177.8,4065.8,5586.2
2050,res_unknown,allSize,hot_dry,Care,Fresno,MrnEve,40_60pct,5018,0.0906,6938.9,6172.8,8459.4
2050,res_unknown,allSize,hot_dry,Care,Fresno,MrnEve,60_80pct,4734,0.0184,10009.0,9910.3,5367.0
2050,res_unknown,allSize,hot_dry,Care,Fresno,MrnEve,80_100pct,4986,0.0923,17871.6,17695.9,1903.6
2050,res_unknown,allSize,hot_dry,Care,Fresno,NiteFlat,0_100pct,1962,0.0141,3474.4,3360.2,8118.7
2050,res_unknown,allSize,hot_dry,Care,Fresno,NitePeak,0_50pct,1652,0.3041,4516.7,3709.1,2656.4
2050,res_unknown,allSize,hot_dry,Care,Fresno,NitePeak,50_100pct,1722,0.0,14359.7,14359.7,
2050,res_unknown,allSize,hot_dry,Care,Kern,allLshp,0_20pct,13654,1.0,7777.4,-16759.7,24537.1
2050,res_unknown,allSize,hot_dry,Care,Kern,allLshp,20_40pct,20329,0.4248,5890.4,2451.4,8095.2
2050,res_unknown,allSize,hot_dry,Care,Kern,allLshp,40_60pct,20196,0.2016,7763.7,6392.6,6801.2
2050,res_unknown,allSize,hot_dry,Care,Kern,allLshp,60_80pct,19387,0.0956,9811.1,9205.2,6337.0
2050,res_unknown,allSize,hot_dry,Care,Kern,allLshp,80_100pct,19537,0.0242,14477.2,14298.0,7393.0
2050,res_unknown,allSize,hot_dry,Care,NoLCA,AllDay,0_100pct,7696,1.0,10620.0,-11204.4,21824.4
2050,res_unknown,allSize,hot_dry,Care,NoLCA,DayEve,0_20pct,6885,1.0,5220.4,-5679.0,10899.4
2050,res_unknown,allSize,hot_dry,Care,NoLCA,DayEve,20_40pct,8776,0.602,6391.8,2881.3,5831.6
2050,res_unknown,allSize,hot_dry,Care,NoLCA,DayEve,40_60pct,8407,0.2148,8014.3,6389.0,7567.4
2050,res_unknown,allSize,hot_dry,Care,NoLCA,DayEve,60_80pct,8819,0.1034,10699.9,10002.8,6739.4
2050,res_unknown,allSize,hot_dry,Care,NoLCA,DayEve,80_100pct,8165,0.1113,18672.7,17740.9,8371.6
2050,res_unknown,allSize,hot_dry,Care,NoLCA,EarlyEve,0_20pct,8743,1.0,3811.9,-3359.7,7171.6
2050,res_unknown,allSize,hot_dry,Care,NoLCA,EarlyEve,20_40pct,14520,0.2244,4864.0,3839.7,4565.0
2050,res_unknown,allSize,hot_dry,Care,NoLCA,EarlyEve,40_60pct,13972,0.163,7167.5,6108.7,6496.8
2050,res_unknown,allSize,hot_dry,Care,NoLCA,EarlyEve,60_80pct,13817,0.1593,9034.4,8386.9,4065.8
2050,res_unknown,allSize,hot_dry,Care,NoLCA,EarlyEve,80_100pct,13117,0.0,13017.6,13017.6,
2050,res_unknown,allSize,hot_dry,Care,NoLCA,FlatCool,0_20pct,5192,0.1841,2677.2,1690.3,5359.3
2050,res_unknown,allSize,hot_dry,Care,NoLCA,FlatCool,20_40pct,5097,0.0,4950.2,4950.2,
2050,res_unknown,allSize,hot_dry,Care,NoLCA,FlatCool,40_60pct,4944,0.0,7276.2,7276.2,
2050,res_unknown,allSize,hot_dry,Care,NoLCA,FlatCool,60_80pct,5135,0.0,9891.1,9891.1,
2050,res_unknown,allSize,hot_dry,Care,NoLCA,FlatCool,80_100pct,4682,0.1935,18948.5,16623.8,12011.8
2050,res_unknown,allSize,hot_dry,Care,NoLCA,LateEve,0_20pct,8527,0.3205,3318.7,1391.6,6012.1
2050,res_unknown,allSize,hot_dry,Care,NoLCA,LateEve,20_40pct,9334,0.0526,6020.9,5883.1,2621.0
2050,res_unknown,allSize,hot_dry,Care,NoLCA,LateEve,40_60pct,9215,0.0982,8369.0,8163.2,2095.8
2050,res_unknown,allSize,hot_dry,Care,NoLCA,LateEve,60_80pct,8704,0.0531,11120.4,10626.2,9313.5
2050,res_unknown,allSize,hot_dry,Care,NoLCA,LateEve,80_100pct,8217,0.0611,20050.6,19875.3,2871.4
2050,res_unknown,allSize,hot_dry,Care,NoLCA,MrnEve,0_20pct,3484,0.3233,2582.5,1516.8,3296.3
2050,res_unknown,allSize,hot_dry,Care,NoLCA,MrnEve,20_40pct,3841,0.1188,5058.8,3981.7,9065.0
2050,res_unknown,allSize,hot_dry,Care,NoLCA,MrnEve,40_60pct,3808,0.0047,7387.7,7351.6,7637.8
2050,res_unknown,allSize,hot_dry,Care,NoLCA,MrnEve,60_80pct,3956,0.2321,10646.4,9064.4,6815.1
2050,res_unknown,allSize,hot_dry,Care,NoLCA,MrnEve,80_100pct,3598,0.2503,21538.0,20260.9,5102.9
2050,res_unknown,allSize,hot_dry,Care,NoLCA,NiteFlat+Flat,0_25pct,1242,0.0,647.8,647.8,
2050,res_unknown,allSize,hot_dry,Care,NoLCA,NiteFlat+Flat,25_50pct,1281,0.3632,3426.4,2266.6,3193.5
2050,res_unknown,allSize,hot_dry,Care,NoLCA,NiteFlat+Flat,50_75pct,1221,0.0,6718.9,6718.9,
2050,res_unknown,allSize,hot_dry,Care,NoLCA,NiteFlat+Flat,75_100pct,1287,0.3565,15509.9,13160.0,6592.0
2050,res_unknown,allSize,hot_dry,Care,NoLCA,NitePeak,0_100pct,1342,0.0425,8447.1,8057.5,9159.5
2050,res_unknown,allSize,hot_dry,Care,North,allLshp,0_25pct,153,1.0,7435.2,-7204.8,14640.0
2050,res_unknown,allSize,hot_dry,Care,North,allLshp,25_50pct,185,0.0522,7260.7,6859.2,7686.5
2050,res_unknown,allSize,hot_dry,Care,North,allLshp,50_75pct,177,0.0,9488.4,9488.4,
2050,res_unknown,allSize,hot_dry,Care,North,allLshp,75_100pct,134,0.0,14110.0,14110.0,
2050,res_unknown,allSize,hot_dry,Care,Sierra,allLshp,0_20pct,17118,1.0,3515.1,-3301.7,6816.7
2050,res_unknown,allSize,hot_dry,Care,Sierra,allLshp,20_40pct,26058,0.2344,5113.3,3884.9,5240.6
2050,res_unknown,allSize,hot_dry,Care,Sierra,allLshp,40_60pct,25646,0.0913,7749.5,7067.8,7462.7
2050,res_unknown,allSize,hot_dry,Care,Sierra,allLshp,60_80pct,24730,0.112,10879.1,10167.8,6349.3
2050,res_unknown,allSize,hot_dry,Care,Sierra,allLshp,80_100pct,24110,0.134,21667.6,20556.5,8290.9
2050,res_unknown,allSize,hot_dry,Care,Stockton,allLshp,0_20pct,11558,1.0,3497.5,-2866.8,6364.3
2050,res_unknown,allSize,hot_dry,Care,Stockton,allLshp,20_40pct,17967,0.2556,5053.1,3512.5,6027.5
2050,res_unknown,allSize,hot_dry,Care,Stockton,allLshp,40_60pct,17957,0.157,7577.1,6570.3,6412.8
2050,res_unknown,allSize,hot_dry,Care,Stockton,allLshp,60_80pct,17712,0.1551,10206.4,9324.7,5686.2
2050,res_unknown,allSize,hot_dry,Care,Stockton,allLshp,80_100pct,17258,0.083,16926.0,16611.9,3781.9
2050,res_unknown,allSize,hot_dry,nonCare,Bay,AllDay,0_50pct,14640,1.0,12416.8,-26089.8,38506.5
2050,res_unknown,allSize,hot_dry,nonCare,Bay,AllDay,50_100pct,25019,1.0,18016.9,-788.2,18805.1
2050,res_unknown,allSize,hot_dry,nonCare,Bay,DayEve,0_20pct,7544,1.0,13293.3,-25997.0,39290.3
2050,res_unknown,allSize,hot_dry,nonCare,Bay,DayEve,20_40pct,12137,1.0,10621.6,-7112.8,17734.3
2050,res_unknown,allSize,hot_dry,nonCare,Bay,DayEve,40_60pct,12640,0.9885,10430.5,3493.9,7017.1
2050,res_unknown,allSize,hot_dry,nonCare,Bay,DayEve,60_80pct,13339,0.456,11981.3,8541.2,7544.1
2050,res_unknown,allSize,hot_dry,nonCare,Bay,DayEve,80_100pct,12735,0.2086,22106.9,20201.7,9132.6
2050,res_unknown,allSize,hot_dry,nonCare,Bay,EarlyEve,0_20pct,20423,1.0,8789.1,-17632.2,26421.4
2050,res_unknown,allSize,hot_dry,nonCare,Bay,EarlyEve,20_40pct,33268,0.9293,5501.2,-107.2,6035.3
2050,res_unknown,allSize,hot_dry,nonCare,Bay,EarlyEve,40_60pct,33216,0.3349,6961.8,4902.0,6150.1
2050,res_unknown,allSize,hot_dry,nonCare,Bay,EarlyEve,60_80pct,32604,0.2222,9239.2,8055.9,5325.2
2050,res_unknown,allSize,hot_dry,nonCare,Bay,EarlyEve,80_100pct,31128,0.1695,14543.6,13012.8,9031.6
2050,res_unknown,allSize,hot_dry,nonCare,Bay,FlatCool,0_20pct,8580,0.4632,2781.3,-1182.3,8557.6
2050,res_unknown,allSize,hot_dry,nonCare,Bay,FlatCool,20_40pct,8660,0.1482,4464.1,2970.0,10080.1
2050,res_unknown,allSize,hot_dry,nonCare,Bay,FlatCool,40_60pct,8325,0.0534,6748.3,6113.5,11885.0
2050,res_unknown,allSize,hot_dry,nonCare,Bay,FlatCool,60_80pct,8243,0.1725,10205.7,9324.0,5111.7
2050,res_unknown,allSize,hot_dry,nonCare,Bay,FlatCool,80_100pct,8095,0.1214,21773.2,21249.4,4315.5
2050,res_unknown,allSize,hot_dry,nonCare,Bay,LateEve,0_20pct,11985,1.0,5599.6,-5792.9,11392.5
2050,res_unknown,allSize,hot_dry,nonCare,Bay,LateEve,20_40pct,14767,0.5734,7233.0,3951.6,5722.9
2050,res_unknown,allSize,hot_dry,nonCare,Bay,LateEve,40_60pct,14352,0.3939,10250.7,8086.9,5492.5
2050,res_unknown,allSize,hot_dry,nonCare,Bay,LateEve,60_80pct,13061,0.2696,13324.9,11409.3,7105.2
2050,res_unknown,allSize,hot_dry,nonCare,Bay,LateEve,80_100pct,11957,0.2547,21820.3,20363.9,5717.5
2050,res_unknown,allSize,hot_dry,nonCare,Bay,MrnEve,0_20pct,12394,1.0,6543.6,-7759.3,14302.9
2050,res_unknown,allSize,hot_dry,nonCare,Bay,MrnEve,20_40pct,14847,0.5291,6268.7,3730.9,4796.4
2050,res_unknown,allSize,hot_dry,nonCare,Bay,MrnEve,40_60pct,14586,0.2255,8603.9,7472.9,5014.9
2050,res_unknown,allSize,hot_dry,nonCare,Bay,MrnEve,60_80pct,14992,0.4084,11753.0,9040.9,6640.5
2050,res_unknown,allSize,hot_dry,nonCare,Bay,MrnEve,80_100pct,14528,0.3294,20291.5,16899.3,10297.5
2050,res_unknown,allSize,hot_dry,nonCare,Bay,NiteFlat+Flat,0_20pct,6387,0.0254,255.6,162.3,3667.9
2050,res_unknown,allSize,hot_dry,nonCare,Bay,NiteFlat+Flat,20_40pct,6572,0.0,495.1,495.1,
2050,res_unknown,allSize,hot_dry,nonCare,Bay,NiteFlat+Flat,40_60pct,6506,0.0684,1376.4,1183.3,2823.2
2050,res_unknown,allSize,hot_dry,nonCare,Bay,NiteFlat+Flat,60_80pct,6096,0.0,2760.3,2760.3,
2050,res_unknown,allSize,hot_dry,nonCare,Bay,NiteFlat+Flat,80_100pct,6265,0.0841,24785.6,23781.6,11934.1
2050,res_unknown,allSize,hot_dry,nonCare,Bay,NitePeak,0_20pct,3859,1.0,8881.7,-7172.3,16054.0
2050,res_unknown,allSize,hot_dry,nonCare,Bay,NitePeak,20_40pct,3384,1.0,10972.7,1116.9,9855.8
2050,res_unknown,allSize,hot_dry,nonCare,Bay,NitePeak,40_60pct,2438,1.0,15244.0,5634.8,9609.2
2050,res_unknown,allSize,hot_dry,nonCare,Bay,NitePeak,60_80pct,2484,0.899,20551.0,13971.6,7318.3
2050,res_unknown,allSize,hot_dry,nonCare,Bay,NitePeak,80_100pct,2367,0.816,30974.8,24738.7,7642.3
2050,res_unknown,allSize,hot_dry,nonCare,Fresno,AllDay,0_50pct,13004,1.0,13331.9,-39087.9,52419.8
2050,res_unknown,allSize,hot_dry,nonCare,Fresno,AllDay,50_100pct,20633,1.0,17002.3,-15034.5,32036.8
2050,res_unknown,allSize,hot_dry,nonCare,Fresno,DayEve,0_20pct,9698,1.0,12595.9,-30407.3,43003.2
2050,res_unknown,allSize,hot_dry,nonCare,Fresno,DayEve,20_40pct,12141,1.0,11673.4,-14156.2,25829.6
2050,res_unknown,allSize,hot_dry,nonCare,Fresno,DayEve,40_60pct,12092,1.0,11498.4,-1125.1,12623.5
2050,res_unknown,allSize,hot_dry,nonCare,Fresno,DayEve,60_80pct,12147,0.5939,12891.0,6695.6,10431.2
2050,res_unknown,allSize,hot_dry,nonCare,Fresno,DayEve,80_100pct,12242,0.4839,20580.9,15210.8,11097.8
2050,res_unknown,allSize,hot_dry,nonCare,Fresno,EarlyEve,0_20pct,14471,1.0,6515.8,-15922.3,22438.1
2050,res_unknown,allSize,hot_dry,nonCare,Fresno,EarlyEve,20_40pct,19206,1.0,7030.3,-5561.5,12591.8
2050,res_unknown,allSize,hot_dry,nonCare,Fresno,EarlyEve,40_60pct,18678,0.5716,7446.1,3588.0,6749.2
2050,res_unknown,allSize,hot_dry,nonCare,Fresno,EarlyEve,60_80pct,19205,0.2601,9524.7,7860.7,6396.5
2050,res_unknown,allSize,hot_dry,nonCare,Fresno,EarlyEve,80_100pct,18921,0.158,14318.0,12979.6,8471.8
2050,res_unknown,allSize,hot_dry,nonCare,Fresno,Flat,0_20pct,3112,0.0,497.2,497.2,
2050,res_unknown,allSize,hot_dry,nonCare,Fresno,Flat,20_40pct,3206,0.0,1344.7,1344.7,
2050,res_unknown,allSize,hot_dry,nonCare,Fresno,Flat,40_60pct,3152,0.0,1870.8,1870.8,
2050,res_unknown,allSize,hot_dry,nonCare,Fresno,Flat,60_80pct,3240,0.0,2692.9,2692.9,
2050,res_unknown,allSize,hot_dry,nonCare,Fresno,Flat,80_100pct,3161,0.0,10491.2,10491.2,
2050,res_unknown,allSize,hot_dry,nonCare,Fresno,FlatCool,0_20pct,7636,0.138,1615.3,262.2,9803.9
2050,res_unknown,allSize,hot_dry,nonCare,Fresno,FlatCool,20_40pct,7484,0.1194,3804.0,3111.2,5800.4
2050,res_unknown,allSize,hot_dry,nonCare,Fresno,FlatCool,40_60pct,7191,0.2049,6931.9,5025.6,9301.9
2050,res_unknown,allSize,hot_dry,nonCare,Fresno,FlatCool,60_80pct,7435,0.6523,11317.5,5410.6,9055.9
2050,res_unknown,allSize,hot_dry,nonCare,Fresno,FlatCool,80_100pct,7444,0.3708,23223.8,19778.5,9292.5
2050,res_unknown,allSize,hot_dry,nonCare,Fresno,LateEve,0_20pct,13788,0.9611,2982.9,-5343.0,8662.6
2050,res_unknown,allSize,hot_dry,nonCare,Fresno,LateEve,20_40pct,14298,1.0,6506.4,-213.9,6720.3
2050,res_unknown,allSize,hot_dry,nonCare,Fresno,LateEve,40_60pct,13702,0.7024,10008.5,5021.3,7100.5
2050,res_unknown,allSize,hot_dry,nonCare,Fresno,LateEve,60_80pct,13976,0.2236,13651.1,12184.6,6557.4
2050,res_unknown,allSize,hot_dry,nonCare,Fresno,LateEve,80_100pct,12944,0.2884,25462.5,23867.0,5532.3
2050,res_unknown,allSize,hot_dry,nonCare,Fresno,MrnEve,0_20pct,8259,1.0,11183.9,-18068.9,29252.8
2050,res_unknown,allSize,hot_dry,nonCare,Fresno,MrnEve,20_40pct,9871,0.7763,7393.0,1837.1,7156.7
2050,res_unknown,allSize,hot_dry,nonCare,Fresno,MrnEve,40_60pct,9699,0.6511,10310.9,5487.2,7408.7
2050,res_unknown,allSize,hot_dry,nonCare,Fresno,MrnEve,60_80pct,10253,0.392,13275.3,10757.7,6422.0
2050,res_unknown,allSize,hot_dry,nonCare,Fresno,MrnEve,80_100pct,9850,0.2905,22390.2,20469.9,6609.4
2050,res_unknown,allSize,hot_dry,nonCare,Fresno,NiteFlat,0_20pct,3323,0.1268,247.8,-347.7,4697.6
2050,res_unknown,allSize,hot_dry,nonCare,Fresno,NiteFlat,20_40pct,3206,0.0,431.7,431.7,
2050,res_unknown,allSize,hot_dry,nonCare,Fresno,NiteFlat,40_60pct,3284,0.0,1153.0,1153.0,
2050,res_unknown,allSize,hot_dry,nonCare,Fresno,NiteFlat,60_80pct,3313,0.2698,2599.1,931.3,6182.0
2050,res_unknown,allSize,hot_dry,nonCare,Fresno,NiteFlat,80_100pct,3385,0.2549,8639.8,5647.2,11740.7
2050,res_unknown,allSize,hot_dry,nonCare,Fresno,NitePeak,0_20pct,1338,0.9327,5826.1,-1372.3,7718.1
2050,res_unknown,allSize,hot_dry,nonCare,Fresno,NitePeak,20_40pct,1264,0.6034,8007.7,2702.7,8792.6
2050,res_unknown,allSize,hot_dry,nonCare,Fresno,NitePeak,40_60pct,1184,0.2494,11240.4,8467.2,11119.8
2050,res_unknown,allSize,hot_dry,nonCare,Fresno,NitePeak,60_80pct,1105,0.3385,15986.4,13623.5,6981.0
2050,res_unknown,allSize,hot_dry,nonCare,Fresno,NitePeak,80_100pct,893,0.8387,27301.1,14967.5,14706.0
2050,res_unknown,allSize,hot_dry,nonCare,Kern,AllDay,0_50pct,7986,1.0,13775.4,-39762.8,53538.2
2050,res_unknown,allSize,hot_dry,nonCare,Kern,AllDay,50_100pct,8805,1.0,16335.8,-18905.0,35240.8
2050,res_unknown,allSize,hot_dry,nonCare,Kern,DayEve,0_20pct,4507,1.0,13506.5,-35327.7,48834.3
2050,res_unknown,allSize,hot_dry,nonCare,Kern,DayEve,20_40pct,4651,1.0,13532.3,-20403.7,33936.0
2050,res_unknown,allSize,hot_dry,nonCare,Kern,DayEve,40_60pct,4816,1.0,11007.6,-1241.5,12249.1
2050,res_unknown,allSize,hot_dry,nonCare,Kern,DayEve,60_80pct,4742,0.748,12531.2,7695.0,6465.2
2050,res_unknown,allSize,hot_dry,nonCare,Kern,DayEve,80_100pct,4785,0.2849,17812.2,16088.1,6051.5
2050,res_unknown,allSize,hot_dry,nonCare,Kern,EarlyEve,0_20pct,3370,1.0,10387.9,-30562.2,40950.2
2050,res_unknown,allSize,hot_dry,nonCare,Kern,EarlyEve,20_40pct,3789,1.0,6803.7,-6317.5,13121.2
2050,res_unknown,allSize,hot_dry,nonCare,Kern,EarlyEve,40_60pct,3615,0.6265,7547.3,3032.6,7206.7
2050,res_unknown,allSize,hot_dry,nonCare,Kern,EarlyEve,60_80pct,3675,0.4828,9088.2,6112.4,6163.2
2050,res_unknown,allSize,hot_dry,nonCare,Kern,EarlyEve,80_100pct,3545,0.3797,13848.4,12136.3,4509.1
2050,res_unknown,allSize,hot_dry,nonCare,Kern,FlatCool,0_20pct,2284,0.4815,3617.4,-2533.4,12773.4
2050,res_unknown,allSize,hot_dry,nonCare,Kern,FlatCool,20_40pct,2232,0.1944,5368.6,3838.3,7871.1
2050,res_unknown,allSize,hot_dry,nonCare,Kern,FlatCool,40_60pct,2009,0.634,9572.9,5055.3,7126.1
2050,res_unknown,allSize,hot_dry,nonCare,Kern,FlatCool,60_80pct,2204,0.0,10256.6,10256.6,
2050,res_unknown,allSize,hot_dry,nonCare,Kern,FlatCool,80_100pct,2292,0.5611,21232.7,14015.1,12862.3
2050,res_unknown,allSize,hot_dry,nonCare,Kern,LateEve,0_20pct,3719,1.0,7690.0,-17898.7,25588.8
2050,res_unknown,allSize,hot_dry,nonCare,Kern,LateEve,20_40pct,3861,1.0,7918.6,-2413.4,10331.9
2050,res_unknown,allSize,hot_dry,nonCare,Kern,LateEve,40_60pct,4028,0.4231,8038.0,6705.7,3149.0
2050,res_unknown,allSize,hot_dry,nonCare,Kern,LateEve,60_80pct,3707,0.2674,12709.8,10568.3,8007.4
2050,res_unknown,allSize,hot_dry,nonCare,Kern,LateEve,80_100pct,3675,0.1797,18898.4,18094.4,4474.0
2050,res_unknown,allSize,hot_dry,nonCare,Kern,MrnEve,0_20pct,2963,1.0,8706.7,-13075.0,21781.7
2050,res_unknown,allSize,hot_dry,nonCare,Kern,MrnEve,20_40pct,3032,0.5601,7474.6,4031.4,6147.4
2050,res_unknown,allSize,hot_dry,nonCare,Kern,MrnEve,40_60pct,3050,0.0,8604.5,8604.5,
2050,res_unknown,allSize,hot_dry,nonCare,Kern,MrnEve,60_80pct,3031,0.2801,11368.3,9903.7,5229.6
2050,res_unknown,allSize,hot_dry,nonCare,Kern,MrnEve,80_100pct,2876,0.1476,20941.9,19744.9,8108.0
2050,res_unknown,allSize,hot_dry,nonCare,Kern,NiteFlat+Flat,0_20pct,1968,0.0,190.1,190.1,
2050,res_unknown,allSize,hot_dry,nonCare,Kern,NiteFlat+Flat,20_40pct,1889,0.0,354.4,354.4,
2050,res_unknown,allSize,hot_dry,nonCare,Kern,NiteFlat+Flat,40_60pct,1886,0.0,941.3,941.3,
2050,res_unknown,allSize,hot_dry,nonCare,Kern,NiteFlat+Flat,60_80pct,1861,0.0,1888.5,1888.5,
2050,res_unknown,allSize,hot_dry,nonCare,Kern,NiteFlat+Flat,80_100pct,1915,0.0,9178.4,9178.4,
2050,res_unknown,allSize,hot_dry,nonCare,Kern,NitePeak,0_100pct,1152,1.0,14811.3,6510.3,8301.0
2050,res_unknown,allSize,hot_dry,nonCare,NoLCA,AllDay,0_50pct,11451,1.0,12280.7,-33029.8,45310.5
2050,res_unknown,allSize,hot_dry,nonCare,NoLCA,AllDay,50_100pct,19253,1.0,16633.8,-11144.9,27778.7
2050,res_unknown,allSize,hot_dry,nonCare,NoLCA,DayEve,0_20pct,7927,1.0,13096.2,-34479.1,47575.3
2050,res_unknown,allSize,hot_dry,nonCare,NoLCA,DayEve,20_40pct,11124,1.0,10011.8,-10775.3,20787.1
2050,res_unknown,allSize,hot_dry,nonCare,NoLCA,DayEve,40_60pct,11213,0.3291,8380.5,5964.1,7341.7
2050,res_unknown,allSize,hot_dry,nonCare,NoLCA,DayEve,60_80pct,11101,0.4828,12235.7,7823.9,9138.5
2050,res_unknown,allSize,hot_dry,nonCare,NoLCA,DayEve,80_100pct,11272,0.3637,18910.0,14814.9,11258.9
2050,res_unknown,allSize,hot_dry,nonCare,NoLCA,EarlyEve,0_20pct,15353,1.0,7136.1,-18357.6,25493.8
2050,res_unknown,allSize,hot_dry,nonCare,NoLCA,EarlyEve,20_40pct,22066,1.0,5869.4,-2826.8,8696.2
2050,res_unknown,allSize,hot_dry,nonCare,NoLCA,EarlyEve,40_60pct,22146,0.4251,6841.9,4518.4,5466.2
2050,res_unknown,allSize,hot_dry,nonCare,NoLCA,EarlyEve,60_80pct,21689,0.2394,9188.8,7550.4,6844.9
2050,res_unknown,allSize,hot_dry,nonCare,NoLCA,EarlyEve,80_100pct,21514,0.1727,13742.0,12975.6,4438.5
2050,res_unknown,allSize,hot_dry,nonCare,NoLCA,Flat,0_20pct,4822,0.0,663.1,663.1,
2050,res_unknown,allSize,hot_dry,nonCare,NoLCA,Flat,20_40pct,4699,0.0,1348.4,1348.4,
2050,res_unknown,allSize,hot_dry,nonCare,NoLCA,Flat,40_60pct,4619,0.0,2179.6,2179.6,
2050,res_unknown,allSize,hot_dry,nonCare,NoLCA,Flat,60_80pct,4650,0.0,3573.2,3573.2,
2050,res_unknown,allSize,hot_dry,nonCare,NoLCA,Flat,80_100pct,4622,0.0,13757.7,13757.7,
2050,res_unknown,allSize,hot_dry,nonCare,NoLCA,FlatCool,0_20pct,9373,0.191,1890.2,-103.4,10437.0
2050,res_unknown,allSize,hot_dry,nonCare,NoLCA,FlatCool,20_40pct,9715,0.2957,4432.5,2133.8,7772.9
2050,res_unknown,allSize,hot_dry,nonCare,NoLCA,FlatCool,40_60pct,9675,0.1388,6539.6,5570.5,6980.9
2050,res_unknown,allSize,hot_dry,nonCare,NoLCA,FlatCool,60_80pct,9788,0.2304,10459.1,8459.0,8681.9
2050,res_unknown,allSize,hot_dry,nonCare,NoLCA,FlatCool,80_100pct,9523,0.3536,26706.3,23893.7,7954.8
2050,res_unknown,allSize,hot_dry,nonCare,NoLCA,LateEve,0_20pct,12246,0.5099,1351.4,-2784.2,8111.3
2050,res_unknown,allSize,hot_dry,nonCare,NoLCA,LateEve,20_40pct,13151,0.898,5170.1,-1608.9,7548.8
2050,res_unknown,allSize,hot_dry,nonCare,NoLCA,LateEve,40_60pct,12736,0.4598,7936.3,4234.7,8049.9
2050,res_unknown,allSize,hot_dry,nonCare,NoLCA,LateEve,60_80pct,11746,0.5689,12668.3,8560.1,7221.2
2050,res_unknown,allSize,hot_dry,nonCare,NoLCA,LateEve,80_100pct,11139,0.155,20754.8,20131.3,4021.5
2050,res_unknown,allSize,hot_dry,nonCare,NoLCA,MrnEve,0_20pct,9099,1.0,8795.1,-14910.0,23705.1
2050,res_unknown,allSize,hot_dry,nonCare,NoLCA,MrnEve,20_40pct,10456,0.7404,7390.6,580.2,9197.8
2050,res_unknown,allSize,hot_dry,nonCare,NoLCA,MrnEve,40_60pct,10440,0.4831,9432.4,5150.1,8864.3
2050,res_unknown,allSize,hot_dry,nonCare,NoLCA,MrnEve,60_80pct,10236,0.4031,13392.3,8527.3,12067.9
2050,res_unknown,allSize,hot_dry,nonCare,NoLCA,MrnEve,80_100pct,10457,0.442,21499.6,18466.1,6862.8
2050,res_unknown,allSize,hot_dry,nonCare,NoLCA,NiteFlat,0_100pct,14587,0.1028,2969.1,2012.1,9306.1
2050,res_unknown,allSize,hot_dry,nonCare,NoLCA,NitePeak,0_20pct,1046,0.8322,5585.7,-786.8,7657.4
2050,res_unknown,allSize,hot_dry,nonCare,NoLCA,NitePeak,20_40pct,1065,0.4689,8526.0,2967.8,11853.0
2050,res_unknown,allSize,hot_dry,nonCare,NoLCA,NitePeak,40_60pct,1064,0.4854,12576.0,9349.7,6646.2
2050,res_unknown,allSize,hot_dry,nonCare,NoLCA,NitePeak,60_80pct,829,0.9062,18335.4,13259.8,5601.0
2050,res_unknown,allSize,hot_dry,nonCare,NoLCA,NitePeak,80_100pct,631,0.5865,27824.1,23198.9,7886.4
2050,res_unknown,allSize,hot_dry,nonCare,North,allLshp,0_20pct,693,1.0,19244.0,-33706.8,52950.8
2050,res_unknown,allSize,hot_dry,nonCare,North,allLshp,20_40pct,938,0.855,7450.0,1508.4,6949.2
2050,res_unknown,allSize,hot_dry,nonCare,North,allLshp,40_60pct,929,0.4992,10127.9,7039.1,6188.1
2050,res_unknown,allSize,hot_dry,nonCare,North,allLshp,60_80pct,711,0.0948,13284.7,12482.4,8461.5
2050,res_unknown,allSize,hot_dry,nonCare,North,allLshp,80_100pct,495,0.0314,23927.9,23764.4,5216.1
2050,res_unknown,allSize,hot_dry,nonCare,Sierra,AllDay,0_50pct,12099,1.0,30937.7,-88057.9,118995.5
2050,res_unknown,allSize,hot_dry,nonCare,Sierra,AllDay,50_100pct,17090,1.0,19209.3,-8692.3,27901.6
2050,res_unknown,allSize,hot_dry,nonCare,Sierra,DayEve,0_20pct,7645,1.0,25427.9,-64505.1,89933.0
2050,res_unknown,allSize,hot_dry,nonCare,Sierra,DayEve,20_40pct,11567,1.0,10463.5,-8124.0,18587.5
2050,res_unknown,allSize,hot_dry,nonCare,Sierra,DayEve,40_60pct,11804,1.0,11473.5,1816.6,9656.9
2050,res_unknown,allSize,hot_dry,nonCare,Sierra,DayEve,60_80pct,11869,0.7765,13771.2,8221.4,7146.9
2050,res_unknown,allSize,hot_dry,nonCare,Sierra,DayEve,80_100pct,11449,0.6094,25065.1,20101.5,8145.0
2050,res_unknown,allSize,hot_dry,nonCare,Sierra,EarlyEve,0_20pct,15034,1.0,36507.6,-113469.0,149976.6
2050,res_unknown,allSize,hot_dry,nonCare,Sierra,EarlyEve,20_40pct,22027,1.0,7774.7,-6596.7,14371.5
2050,res_unknown,allSize,hot_dry,nonCare,Sierra,EarlyEve,40_60pct,22270,0.4953,7777.9,4694.1,6226.0
2050,res_unknown,allSize,hot_dry,nonCare,Sierra,EarlyEve,60_80pct,21843,0.3442,10251.6,8024.2,6470.7
2050,res_unknown,allSize,hot_dry,nonCare,Sierra,EarlyEve,80_100pct,22148,0.1923,16135.0,14875.7,6547.9
2050,res_unknown,allSize,hot_dry,nonCare,Sierra,Flat,0_20pct,3286,0.0,639.7,639.7,
2050,res_unknown,allSize,hot_dry,nonCare,Sierra,Flat,20_40pct,3240,0.0,1640.9,1640.9,
2050,res_unknown,allSize,hot_dry,nonCare,Sierra,Flat,40_60pct,3140,0.0,2805.6,2805.6,
2050,res_unknown,allSize,hot_dry,nonCare,Sierra,Flat,60_80pct,3154,0.0,4172.6,4172.6,
2050,res_unknown,allSize,hot_dry,nonCare,Sierra,Flat,80_100pct,3174,0.0,11756.3,11756.3,
2050,res_unknown,allSize,hot_dry,nonCare,Sierra,FlatCool,0_20pct,8694,0.2974,3952.1,-9291.1,44525.4
2050,res_unknown,allSize,hot_dry,nonCare,Sierra,FlatCool,20_40pct,8532,0.1575,4219.4,3251.4,6147.5
2050,res_unknown,allSize,hot_dry,nonCare,Sierra,FlatCool,40_60pct,8571,0.2187,7382.9,5706.1,7668.3
2050,res_unknown,allSize,hot_dry,nonCare,Sierra,FlatCool,60_80pct,8450,0.2622,11536.5,9820.5,6543.9
2050,res_unknown,allSize,hot_dry,nonCare,Sierra,FlatCool,80_100pct,8280,0.4347,27161.8,24088.0,7071.0
2050,res_unknown,allSize,hot_dry,nonCare,Sierra,LateEve,0_20pct,10525,1.0,4867.9,-12066.8,16934.6
2050,res_unknown,allSize,hot_dry,nonCare,Sierra,LateEve,20_40pct,10790,1.0,6910.9,-1867.1,8778.1
2050,res_unknown,allSize,hot_dry,nonCare,Sierra,LateEve,40_60pct,10909,0.6272,9567.9,4971.0,7329.8
2050,res_unknown,allSize,hot_dry,nonCare,Sierra,LateEve,60_80pct,10263,0.2061,13380.2,11985.4,6768.6
2050,res_unknown,allSize,hot_dry,nonCare,Sierra,LateEve,80_100pct,9346,0.3044,23201.5,21261.5,6372.3
2050,res_unknown,allSize,hot_dry,nonCare,Sierra,MrnEve,0_20pct,10284,1.0,15347.9,-33158.7,48506.6
2050,res_unknown,allSize,hot_dry,nonCare,Sierra,MrnEve,20_40pct,12922,0.9697,8223.1,880.2,7572.4
2050,res_unknown,allSize,hot_dry,nonCare,Sierra,MrnEve,40_60pct,12625,0.4678,10215.8,7285.1,6265.1
2050,res_unknown,allSize,hot_dry,nonCare,Sierra,MrnEve,60_80pct,12741,0.4108,14287.6,11930.1,5738.6
2050,res_unknown,allSize,hot_dry,nonCare,Sierra,MrnEve,80_100pct,12576,0.2976,24210.1,21980.4,7493.1
2050,res_unknown,allSize,hot_dry,nonCare,Sierra,NiteFlat,0_20pct,1990,0.1056,403.1,-746.6,10887.4
2050,res_unknown,allSize,hot_dry,nonCare,Sierra,NiteFlat,20_40pct,1980,0.044,422.1,284.5,3130.8
2050,res_unknown,allSize,hot_dry,nonCare,Sierra,NiteFlat,40_60pct,2043,0.2273,1072.5,247.5,3629.7
2050,res_unknown,allSize,hot_dry,nonCare,Sierra,NiteFlat,60_80pct,2011,0.0,1774.5,1774.5,
2050,res_unknown,allSize,hot_dry,nonCare,Sierra,NiteFlat,80_100pct,1972,0.2304,6376.3,4362.4,8739.9
2050,res_unknown,allSize,hot_dry,nonCare,Sierra,NitePeak,0_20pct,1053,1.0,22493.7,-36317.6,58811.3
2050,res_unknown,allSize,hot_dry,nonCare,Sierra,NitePeak,20_40pct,971,1.0,13245.1,-2201.2,15446.3
2050,res_unknown,allSize,hot_dry,nonCare,Sierra,NitePeak,40_60pct,836,1.0,16765.9,6662.8,10103.2
2050,res_unknown,allSize,hot_dry,nonCare,Sierra,NitePeak,60_80pct,751,1.0,22445.8,11479.5,10966.3
2050,res_unknown,allSize,hot_dry,nonCare,Sierra,NitePeak,80_100pct,694,0.6778,31954.0,26158.3,8550.5
2050,res_unknown,allSize,hot_dry,nonCare,Stockton,AllDay,0_50pct,3684,1.0,12406.4,-32449.4,44855.8
2050,res_unknown,allSize,hot_dry,nonCare,Stockton,AllDay,50_100pct,8385,1.0,16398.8,-14833.1,31231.9
2050,res_unknown,allSize,hot_dry,nonCare,Stockton,DayEve,0_20pct,2883,1.0,14360.5,-28754.1,43114.7
2050,res_unknown,allSize,hot_dry,nonCare,Stockton,DayEve,20_40pct,4552,1.0,8665.5,-2126.6,10792.2
2050,res_unknown,allSize,hot_dry,nonCare,Stockton,DayEve,40_60pct,4698,0.5677,8980.8,5948.2,5342.3
2050,res_unknown,allSize,hot_dry,nonCare,Stockton,DayEve,60_80pct,4779,0.5593,12774.8,8923.7,6885.0
2050,res_unknown,allSize,hot_dry,nonCare,Stockton,DayEve,80_100pct,4673,0.472,19371.1,15626.6,7933.1
2050,res_unknown,allSize,hot_dry,nonCare,Stockton,EarlyEve,0_20pct,5916,1.0,5327.7,-12897.6,18225.3
2050,res_unknown,allSize,hot_dry,nonCare,Stockton,EarlyEve,20_40pct,9056,1.0,5780.3,-1134.5,6914.8
2050,res_unknown,allSize,hot_dry,nonCare,Stockton,EarlyEve,40_60pct,8859,0.318,7001.8,4652.6,7387.8
2050,res_unknown,allSize,hot_dry,nonCare,Stockton,EarlyEve,60_80pct,9050,0.1571,9781.4,8234.7,9843.8
2050,res_unknown,allSize,hot_dry,nonCare,Stockton,EarlyEve,80_100pct,8587,0.1559,14493.5,13711.7,5015.2
2050,res_unknown,allSize,hot_dry,nonCare,Stockton,FlatCool,0_20pct,4834,0.1212,1249.6,895.8,2918.0
2050,res_unknown,allSize,hot_dry,nonCare,Stockton,FlatCool,20_40pct,4700,0.0311,3689.4,3282.4,13081.3
2050,res_unknown,allSize,hot_dry,nonCare,Stockton,FlatCool,40_60pct,4700,0.1886,6979.6,5456.9,8072.8
2050,res_unknown,allSize,hot_dry,nonCare,Stockton,FlatCool,60_80pct,4637,0.5756,11633.9,6408.8,9078.2
2050,res_unknown,allSize,hot_dry,nonCare,Stockton,FlatCool,80_100pct,4765,0.1852,23612.6,22365.6,6734.3
2050,res_unknown,allSize,hot_dry,nonCare,Stockton,LateEve,0_20pct,5296,0.6944,2576.0,-2864.7,7835.7
2050,res_unknown,allSize,hot_dry,nonCare,Stockton,LateEve,20_40pct,5660,0.8613,6473.6,1675.6,5571.0
2050,res_unknown,allSize,hot_dry,nonCare,Stockton,LateEve,40_60pct,5540,0.5741,9730.9,6232.0,6094.5
2050,res_unknown,allSize,hot_dry,nonCare,Stockton,LateEve,60_80pct,5537,0.19,12584.3,11014.5,8262.9
2050,res_unknown,allSize,hot_dry,nonCare,Stockton,LateEve,80_100pct,5523,0.1075,20999.4,20382.4,5737.8
2050,res_unknown,allSize,hot_dry,nonCare,Stockton,MrnEve,0_20pct,4359,1.0,6534.0,-9902.1,16436.1
2050,res_unknown,allSize,hot_dry,nonCare,Stockton,MrnEve,20_40pct,4771,0.4645,6477.4,4494.7,4268.5
2050,res_unknown,allSize,hot_dry,nonCare,Stockton,MrnEve,40_60pct,4858,0.2756,10071.1,6658.2,12384.9
2050,res_unknown,allSize,hot_dry,nonCare,Stockton,MrnEve,60_80pct,4932,0.1815,12598.6,11017.0,8713.6
2050,res_unknown,allSize,hot_dry,nonCare,Stockton,MrnEve,80_100pct,4620,0.2865,23812.1,21691.7,7402.3
2050,res_unknown,allSize,hot_dry,nonCare,Stockton,NiteFlat+Flat,0_20pct,3780,0.0372,665.9,141.2,14120.7
2050,res_unknown,allSize,hot_dry,nonCare,Stockton,NiteFlat+Flat,20_40pct,3607,0.0,1433.2,1433.2,
2050,res_unknown,allSize,hot_dry,nonCare,Stockton,NiteFlat+Flat,40_60pct,3772,0.0,2307.7,2307.7,
2050,res_unknown,allSize,hot_dry,nonCare,Stockton,NiteFlat+Flat,60_80pct,3628,0.0,3563.1,3563.1,
2050,res_unknown,allSize,hot_dry,nonCare,Stockton,NiteFlat+Flat,80_100pct,3530,0.05,13393.6,13273.7,2399.5
2050,res_unknown,allSize,hot_dry,nonCare,Stockton,NitePeak,0_50pct,1351,0.6414,7263.7,3123.9,6454.2
2050,res_unknown,allSize,hot_dry,nonCare,Stockton,NitePeak,50_100pct,650,0.8477,16435.1,10324.7,7208.2
2050,res_unknown,allSize,marine,Care,Bay,AllDay,0_100pct,5386,1.0,8699.1,-1842.6,10541.6
2050,res_unknown,allSize,marine,Care,Bay,DayEve,0_20pct,7428,0.8543,2382.3,-2193.2,5355.7
2050,res_unknown,allSize,marine,Care,Bay,DayEve,20_40pct,15878,0.2023,2859.8,1821.7,5132.2
2050,res_unknown,allSize,marine,Care,Bay,DayEve,40_60pct,15517,0.1779,4438.5,3630.4,4541.0
2050,res_unknown,allSize,marine,Care,Bay,DayEve,60_80pct,15127,0.1225,6264.2,5879.7,3137.4
2050,res_unknown,allSize,marine,Care,Bay,DayEve,80_100pct,14888,0.1293,10847.1,10314.3,4122.0
2050,res_unknown,allSize,marine,Care,Bay,EarlyEve,0_20pct,19555,0.6035,2224.6,-563.7,4620.3
2050,res_unknown,allSize,marine,Care,Bay,EarlyEve,20_40pct,31407,0.1038,2908.6,2535.2,3598.9
2050,res_unknown,allSize,marine,Care,Bay,EarlyEve,40_60pct,30796,0.0228,4159.9,4039.6,5282.8
2050,res_unknown,allSize,marine,Care,Bay,EarlyEve,60_80pct,29173,0.065,5940.7,5676.6,4063.4
2050,res_unknown,allSize,marine,Care,Bay,EarlyEve,80_100pct,27852,0.0368,10047.9,9931.6,3159.9
2050,res_unknown,allSize,marine,Care,Bay,Flat,0_50pct,6251,0.0012,1608.5,1600.4,7066.5
2050,res_unknown,allSize,marine,Care,Bay,Flat,50_100pct,6053,0.0,9017.5,9017.5,
2050,res_unknown,allSize,marine,Care,Bay,FlatCool,0_20pct,11389,0.0505,1645.0,1334.4,6156.6
2050,res_unknown,allSize,marine,Care,Bay,FlatCool,20_40pct,12111,0.0754,3277.3,3076.4,2664.9
2050,res_unknown,allSize,marine,Care,Bay,FlatCool,40_60pct,12255,0.074,5246.3,4831.2,5612.7
2050,res_unknown,allSize,marine,Care,Bay,FlatCool,60_80pct,11325,0.0396,7450.8,7316.4,3392.2
2050,res_unknown,allSize,marine,Care,Bay,FlatCool,80_100pct,11789,0.1166,12057.6,11807.0,2149.2
2050,res_unknown,allSize,marine,Care,Bay,LateEve,0_20pct,18596,0.1519,50857.1,50217.1,4213.3
2050,res_unknown,allSize,marine,Care,Bay,LateEve,20_40pct,22088,0.0801,4014.6,3807.2,2587.1
2050,res_unknown,allSize,marine,Care,Bay,LateEve,40_60pct,21196,0.0695,6186.9,5841.4,4971.3
2050,res_unknown,allSize,marine,Care,Bay,LateEve,60_80pct,19204,0.1287,8687.7,8275.9,3199.7
2050,res_unknown,allSize,marine,Care,Bay,LateEve,80_100pct,17594,0.0832,14798.1,14412.5,4633.1
2050,res_unknown,allSize,marine,Care,Bay,MrnEve,0_20pct,15396,0.4551,2074.9,292.7,3915.9
2050,res_unknown,allSize,marine,Care,Bay,MrnEve,20_40pct,19241,0.0993,3162.5,2791.3,3740.6
2050,res_unknown,allSize,marine,Care,Bay,MrnEve,40_60pct,18359,0.05,4595.0,4337.0,5159.1
2050,res_unknown,allSize,marine,Care,Bay,MrnEve,60_80pct,18010,0.1004,6773.1,6371.7,3997.1
2050,res_unknown,allSize,marine,Care,Bay,MrnEve,80_100pct,17805,0.0783,10294.9,9614.9,8688.3
2050,res_unknown,allSize,marine,Care,Bay,NiteFlat,0_100pct,2135,0.0207,3840.9,3671.8,8161.2
2050,res_unknown,allSize,marine,Care,Bay,NitePeak,0_20pct,4029,0.0129,2401.7,2317.1,6551.7
2050,res_unknown,allSize,marine,Care,Bay,NitePeak,20_40pct,4096,0.0023,4352.8,4343.2,4244.1
2050,res_unknown,allSize,marine,Care,Bay,NitePeak,40_60pct,3159,0.0105,6857.3,6792.1,6226.6
2050,res_unknown,allSize,marine,Care,Bay,NitePeak,60_80pct,2914,0.1744,10653.4,10352.3,1726.8
2050,res_unknown,allSize,marine,Care,Bay,NitePeak,80_100pct,1676,0.1019,24124.7,23828.7,2903.9
2050,res_unknown,allSize,marine,Care,Humboldt,DayEve,0_50pct,1003,0.9308,4108.3,296.5,4095.1
2050,res_unknown,allSize,marine,Care,Humboldt,DayEve,50_100pct,857,0.0,10160.0,10160.0,
2050,res_unknown,allSize,marine,Care,Humboldt,EarlyEve,0_20pct,1109,0.4571,2256.1,-19.9,4979.5
2050,res_unknown,allSize,marine,Care,Humboldt,EarlyEve,20_40pct,1208,0.0,3728.1,3728.1,
2050,res_unknown,allSize,marine,Care,Humboldt,EarlyEve,40_60pct,1477,0.0,6088.5,6088.5,
2050,res_unknown,allSize,marine,Care,Humboldt,EarlyEve,60_80pct,1183,0.0,8157.4,8157.4,
2050,res_unknown,allSize,marine,Care,Humboldt,EarlyEve,80_100pct,889,0.0,14761.0,14761.0,
2050,res_unknown,allSize,marine,Care,Humboldt,Flat,0_100pct,1148,0.0,3770.2,3770.2,
2050,res_unknown,allSize,marine,Care,Humboldt,FlatCool+AllDay,0_20pct,1001,0.0745,1540.8,1226.5,4218.7
2050,res_unknown,allSize,marine,Care,Humboldt,FlatCool+AllDay,20_40pct,1192,0.0,4162.7,4162.7,
2050,res_unknown,allSize,marine,Care,Humboldt,FlatCool+AllDay,40_60pct,1012,0.0,6231.5,6231.5,
2050,res_unknown,allSize,marine,Care,Humboldt,FlatCool+AllDay,60_80pct,1092,0.0,8423.9,8423.9,
2050,res_unknown,allSize,marine,Care,Humboldt,FlatCool+AllDay,80_100pct,778,0.5942,28024.9,25680.9,3944.8
2050,res_unknown,allSize,marine,Care,Humboldt,LateEve+NitePeak,0_20pct,1184,0.0315,3561.0,3479.0,2604.6
2050,res_unknown,allSize,marine,Care,Humboldt,LateEve+NitePeak,20_40pct,1020,0.0,5305.8,5305.8,
2050,res_unknown,allSize,marine,Care,Humboldt,LateEve+NitePeak,40_60pct,767,0.0,8124.9,8124.9,
2050,res_unknown,allSize,marine,Care,Humboldt,LateEve+NitePeak,60_80pct,607,0.0,14819.1,14819.1,
2050,res_unknown,allSize,marine,Care,Humboldt,LateEve+NitePeak,80_100pct,480,0.0234,35305.0,35116.4,8065.0
2050,res_unknown,allSize,marine,Care,Humboldt,MrnEve,0_20pct,1005,0.5214,2031.0,252.3,3411.3
2050,res_unknown,allSize,marine,Care,Humboldt,MrnEve,20_40pct,1025,0.0,3816.1,3816.1,
2050,res_unknown,allSize,marine,Care,Humboldt,MrnEve,40_60pct,1007,0.0,5751.8,5751.8,
2050,res_unknown,allSize,marine,Care,Humboldt,MrnEve,60_80pct,959,0.0,11422.3,11422.3,
2050,res_unknown,allSize,marine,Care,Humboldt,MrnEve,80_100pct,769,0.5957,27843.8,25436.2,4041.8
2050,res_unknown,allSize,marine,Care,NoLCA,allLshp,0_20pct,9300,0.9013,2478.8,-1888.4,4845.5
2050,res_unknown,allSize,marine,Care,NoLCA,allLshp,20_40pct,12954,0.242,3182.5,2422.0,3143.5
2050,res_unknown,allSize,marine,Care,NoLCA,allLshp,40_60pct,13005,0.1143,4502.2,4119.8,3344.6
2050,res_unknown,allSize,marine,Care,NoLCA,allLshp,60_80pct,12207,0.111,6373.2,5872.4,4513.5
2050,res_unknown,allSize,marine,Care,NoLCA,allLshp,80_100pct,10899,0.0447,14724.1,14590.2,2993.1
2050,res_unknown,allSize,marine,Care,North,allLshp,0_20pct,16702,0.3537,2288.3,177.1,5968.8
2050,res_unknown,allSize,marine,Care,North,allLshp,20_40pct,25368,0.0589,3753.1,3404.2,5919.7
2050,res_unknown,allSize,marine,Care,North,allLshp,40_60pct,23617,0.0783,6007.5,5611.9,5050.2
2050,res_unknown,allSize,marine,Care,North,allLshp,60_80pct,22428,0.124,9074.2,8278.0,6420.8
2050,res_unknown,allSize,marine,Care,North,allLshp,80_100pct,20408,0.0639,20853.4,20211.8,10044.6
2050,res_unknown,allSize,marine,nonCare,Bay,AllDay,0_100pct,64969,1.0,13986.4,-6858.8,20845.2
2050,res_unknown,allSize,marine,nonCare,Bay,DayEve,0_20pct,13520,1.0,8853.6,-17860.9,26714.5
2050,res_unknown,allSize,marine,nonCare,Bay,DayEve,20_40pct,47010,1.0,5417.5,-2779.0,8196.4
2050,res_unknown,allSize,marine,nonCare,Bay,DayEve,40_60pct,49074,0.4844,6066.9,3351.9,5604.7
2050,res_unknown,allSize,marine,nonCare,Bay,DayEve,60_80pct,47726,0.3745,9524.1,7046.7,6615.0
2050,res_unknown,allSize,marine,nonCare,Bay,DayEve,80_100pct,45493,0.4128,19902.4,16878.9,7324.7
2050,res_unknown,allSize,marine,nonCare,Bay,EarlyEve,0_20pct,71750,1.0,3971.8,-7003.0,10974.8
2050,res_unknown,allSize,marine,nonCare,Bay,EarlyEve,20_40pct,128862,0.419,3424.9,1416.0,4793.8
2050,res_unknown,allSize,marine,nonCare,Bay,EarlyEve,40_60pct,124234,0.2355,5549.6,4403.7,4865.8
2050,res_unknown,allSize,marine,nonCare,Bay,EarlyEve,60_80pct,121361,0.1416,7997.3,7270.9,5129.4
2050,res_unknown,allSize,marine,nonCare,Bay,EarlyEve,80_100pct,112206,0.143,13564.0,12695.8,6069.5
2050,res_unknown,allSize,marine,nonCare,Bay,Flat,0_20pct,25149,0.0023,289.7,278.7,4769.7
2050,res_unknown,allSize,marine,nonCare,Bay,Flat,20_40pct,25200,0.0,845.1,845.1,
2050,res_unknown,allSize,marine,nonCare,Bay,Flat,40_60pct,23941,0.0,1839.7,1839.7,
2050,res_unknown,allSize,marine,nonCare,Bay,Flat,60_80pct,23902,0.0,3572.3,3572.3,
2050,res_unknown,allSize,marine,nonCare,Bay,Flat,80_100pct,23710,0.0193,14336.1,14292.1,2275.1
2050,res_unknown,allSize,marine,nonCare,Bay,FlatCool,0_20pct,59485,0.1448,1065.7,431.4,4381.4
2050,res_unknown,allSize,marine,nonCare,Bay,FlatCool,20_40pct,60806,0.0547,2723.3,2544.3,3271.5
2050,res_unknown,allSize,marine,nonCare,Bay,FlatCool,40_60pct,58996,0.0496,4813.6,4534.6,5625.1
2050,res_unknown,allSize,marine,nonCare,Bay,FlatCool,60_80pct,56638,0.1021,8546.4,7920.7,6129.8
2050,res_unknown,allSize,marine,nonCare,Bay,FlatCool,80_100pct,51557,0.1435,18883.4,17803.5,7525.2
2050,res_unknown,allSize,marine,nonCare,Bay,LateEve,0_20pct,86332,0.5645,1902.9,-802.5,4792.1
2050,res_unknown,allSize,marine,nonCare,Bay,LateEve,20_40pct,99650,0.2503,4676.1,3455.8,4876.0
2050,res_unknown,allSize,marine,nonCare,Bay,LateEve,40_60pct,90808,0.1773,7817.7,6921.9,5051.9
2050,res_unknown,allSize,marine,nonCare,Bay,LateEve,60_80pct,77514,0.1565,11039.0,10150.6,5676.4
2050,res_unknown,allSize,marine,nonCare,Bay,LateEve,80_100pct,62504,0.2226,19163.2,18036.8,5061.0
2050,res_unknown,allSize,marine,nonCare,Bay,MrnEve,0_20pct,71052,1.0,3291.2,-2067.7,5358.9
2050,res_unknown,allSize,marine,nonCare,Bay,MrnEve,20_40pct,94093,0.2635,4285.7,2802.3,5629.6
2050,res_unknown,allSize,marine,nonCare,Bay,MrnEve,40_60pct,90841,0.2281,6382.5,5463.8,4027.7
2050,res_unknown,allSize,marine,nonCare,Bay,MrnEve,60_80pct,89420,0.1455,8784.5,8092.0,4757.6
2050,res_unknown,allSize,marine,nonCare,Bay,MrnEve,80_100pct,88021,0.1695,16151.1,15250.2,5315.8
2050,res_unknown,allSize,marine,nonCare,Bay,NiteFlat,0_20pct,20277,0.0503,233.4,-30.0,5234.9
2050,res_unknown,allSize,marine,nonCare,Bay,NiteFlat,20_40pct,21483,0.0213,281.8,233.6,2263.1
2050,res_unknown,allSize,marine,nonCare,Bay,NiteFlat,40_60pct,21254,0.0,661.8,661.8,
2050,res_unknown,allSize,marine,nonCare,Bay,NiteFlat,60_80pct,21144,0.0039,1321.1,1301.8,4977.0
2050,res_unknown,allSize,marine,nonCare,Bay,NiteFlat,80_100pct,19199,0.0407,6325.4,6188.2,3371.1
2050,res_unknown,allSize,marine,nonCare,Bay,NitePeak,0_20pct,27501,0.6755,4295.3,51.5,6282.3
2050,res_unknown,allSize,marine,nonCare,Bay,NitePeak,20_40pct,27455,0.3955,7326.4,5007.4,5863.4
2050,res_unknown,allSize,marine,nonCare,Bay,NitePeak,40_60pct,19533,0.6199,11337.8,8086.7,5244.7
2050,res_unknown,allSize,marine,nonCare,Bay,NitePeak,60_80pct,11668,0.9382,16182.3,11105.4,5411.2
2050,res_unknown,allSize,marine,nonCare,Bay,NitePeak,80_100pct,9536,0.7264,26473.4,21746.1,6508.1
2050,res_unknown,allSize,marine,nonCare,Humboldt,allLshp,0_20pct,9354,0.7183,1842.3,-2383.4,5883.2
2050,res_unknown,allSize,marine,nonCare,Humboldt,allLshp,20_40pct,12992,0.2,3247.5,1859.1,6942.0
2050,res_unknown,allSize,marine,nonCare,Humboldt,allLshp,40_60pct,12685,0.0762,6071.2,5604.0,6134.5
2050,res_unknown,allSize,marine,nonCare,Humboldt,allLshp,60_80pct,11850,0.1724,10350.8,9333.4,5900.1
2050,res_unknown,allSize,marine,nonCare,Humboldt,allLshp,80_100pct,7770,0.2698,44941.4,43413.3,5663.6
2050,res_unknown,allSize,marine,nonCare,NoLCA,AllDay,0_100pct,8464,1.0,12915.1,-17438.2,30353.3
2050,res_unknown,allSize,marine,nonCare,NoLCA,DayEve,0_20pct,3656,1.0,7264.6,-19611.9,26876.5
2050,res_unknown,allSize,marine,nonCare,NoLCA,DayEve,20_40pct,5526,1.0,5065.7,-2210.1,7275.8
2050,res_unknown,allSize,marine,nonCare,NoLCA,DayEve,40_60pct,5382,0.2725,5216.7,3788.6,5241.3
2050,res_unknown,allSize,marine,nonCare,NoLCA,DayEve,60_80pct,5471,0.4172,7199.4,4862.6,5601.4
2050,res_unknown,allSize,marine,nonCare,NoLCA,DayEve,80_100pct,5232,0.5192,12996.8,9506.8,6721.8
2050,res_unknown,allSize,marine,nonCare,NoLCA,EarlyEve,0_20pct,5064,1.0,6511.4,-13802.1,20313.5
2050,res_unknown,allSize,marine,nonCare,NoLCA,EarlyEve,20_40pct,8280,1.0,5052.4,-4906.5,9959.0
2050,res_unknown,allSize,marine,nonCare,NoLCA,EarlyEve,40_60pct,8104,0.4016,5286.5,2965.9,5777.6
2050,res_unknown,allSize,marine,nonCare,NoLCA,EarlyEve,60_80pct,8335,0.2169,6411.3,5343.6,4922.7
2050,res_unknown,allSize,marine,nonCare,NoLCA,EarlyEve,80_100pct,7363,0.1334,12056.6,11246.3,6072.3
2050,res_unknown,allSize,marine,nonCare,NoLCA,Flat,0_20pct,3374,0.0,433.1,433.1,
2050,res_unknown,allSize,marine,nonCare,NoLCA,Flat,20_40pct,3404,0.0,1295.6,1295.6,
2050,res_unknown,allSize,marine,nonCare,NoLCA,Flat,40_60pct,3115,0.0,2227.7,2227.7,
2050,res_unknown,allSize,marine,nonCare,NoLCA,Flat,60_80pct,3128,0.0,3252.3,3252.3,
2050,res_unknown,allSize,marine,nonCare,NoLCA,Flat,80_100pct,2811,0.0136,10631.4,10614.9,1210.0
2050,res_unknown,allSize,marine,nonCare,NoLCA,FlatCool,0_20pct,5482,0.2874,1777.0,-632.7,8383.4
2050,res_unknown,allSize,marine,nonCare,NoLCA,FlatCool,20_40pct,5212,0.1838,3181.7,2052.1,6146.5
2050,res_unknown,allSize,marine,nonCare,NoLCA,FlatCool,40_60pct,5325,0.0761,5084.3,4624.3,6043.9
2050,res_unknown,allSize,marine,nonCare,NoLCA,FlatCool,60_80pct,5447,0.1769,7737.0,6889.3,4793.1
2050,res_unknown,allSize,marine,nonCare,NoLCA,FlatCool,80_100pct,4877,0.1503,16810.5,15872.3,6241.7
2050,res_unknown,allSize,marine,nonCare,NoLCA,LateEve,0_20pct,5489,1.0,2598.5,-2960.9,5559.4
2050,res_unknown,allSize,marine,nonCare,NoLCA,LateEve,20_40pct,6307,0.229,3859.0,1739.0,9256.6
2050,res_unknown,allSize,marine,nonCare,NoLCA,LateEve,40_60pct,5690,0.0396,6376.6,6223.1,3878.1
2050,res_unknown,allSize,marine,nonCare,NoLCA,LateEve,60_80pct,5042,0.0775,10959.1,10560.5,5140.3
2050,res_unknown,allSize,marine,nonCare,NoLCA,LateEve,80_100pct,4568,0.0542,18462.9,18131.1,6124.5
2050,res_unknown,allSize,marine,nonCare,NoLCA,MrnEve,0_20pct,9591,1.0,5191.6,-9033.3,14224.9
2050,res_unknown,allSize,marine,nonCare,NoLCA,MrnEve,20_40pct,12303,0.3882,3928.4,2070.1,4786.8
2050,res_unknown,allSize,marine,nonCare,NoLCA,MrnEve,40_60pct,12365,0.122,5195.4,4358.8,6857.1
2050,res_unknown,allSize,marine,nonCare,NoLCA,MrnEve,60_80pct,12045,0.086,7090.6,6445.1,7503.0
2050,res_unknown,allSize,marine,nonCare,NoLCA,MrnEve,80_100pct,11988,0.2318,12404.0,11352.1,4538.7
2050,res_unknown,allSize,marine,nonCare,NoLCA,NiteFlat,0_20pct,1287,0.2216,277.9,-1032.9,5915.2
2050,res_unknown,allSize,marine,nonCare,NoLCA,NiteFlat,20_40pct,1325,0.0,389.5,389.5,
2050,res_unknown,allSize,marine,nonCare,NoLCA,NiteFlat,40_60pct,1324,0.0,1206.3,1206.3,
2050,res_unknown,allSize,marine,nonCare,NoLCA,NiteFlat,60_80pct,1187,0.0,2533.7,2533.7,
2050,res_unknown,allSize,marine,nonCare,NoLCA,NiteFlat,80_100pct,1195,0.0,8306.7,8306.7,
2050,res_unknown,allSize,marine,nonCare,NoLCA,NitePeak,0_20pct,1047,1.0,8531.0,-8708.3,17239.2
2050,res_unknown,allSize,marine,nonCare,NoLCA,NitePeak,20_40pct,1141,0.6811,7628.7,2740.5,7176.7
2050,res_unknown,allSize,marine,nonCare,NoLCA,NitePeak,40_60pct,1344,0.5515,10009.1,7192.6,5107.0
2050,res_unknown,allSize,marine,nonCare,NoLCA,NitePeak,60_80pct,893,0.3647,14303.2,12460.6,5052.0
2050,res_unknown,allSize,marine,nonCare,NoLCA,NitePeak,80_100pct,441,1.0,20365.8,15366.5,4999.3
2050,res_unknown,allSize,marine,nonCare,North,AllDay,0_50pct,6193,1.0,10964.5,-22974.9,33939.4
2050,res_unknown,allSize,marine,nonCare,North,AllDay,50_100pct,17579,1.0,17203.3,856.5,16346.8
2050,res_unknown,allSize,marine,nonCare,North,DayEve,0_20pct,5242,1.0,6959.9,-12029.9,18989.8
2050,res_unknown,allSize,marine,nonCare,North,DayEve,20_40pct,9943,0.9638,6117.8,-97.0,6448.5
2050,res_unknown,allSize,marine,nonCare,North,DayEve,40_60pct,10240,0.5703,8380.6,3532.6,8501.5
2050,res_unknown,allSize,marine,nonCare,North,DayEve,60_80pct,9778,0.6014,12200.0,8636.8,5924.6
2050,res_unknown,allSize,marine,nonCare,North,DayEve,80_100pct,9015,0.656,27106.2,22252.3,7399.1
2050,res_unknown,allSize,marine,nonCare,North,EarlyEve,0_20pct,15016,1.0,4680.4,-7277.7,11958.2
2050,res_unknown,allSize,marine,nonCare,North,EarlyEve,20_40pct,26096,0.6843,4839.8,946.8,5688.9
2050,res_unknown,allSize,marine,nonCare,North,EarlyEve,40_60pct,26442,0.1976,6064.1,5102.8,4863.9
2050,res_unknown,allSize,marine,nonCare,North,EarlyEve,60_80pct,26406,0.2671,8739.9,7388.6,5059.3
2050,res_unknown,allSize,marine,nonCare,North,EarlyEve,80_100pct,24412,0.2436,15713.0,13772.5,7965.5
2050,res_unknown,allSize,marine,nonCare,North,Flat,0_20pct,5098,0.0107,596.4,541.0,5198.5
2050,res_unknown,allSize,marine,nonCare,North,Flat,20_40pct,4869,0.0,1543.6,1543.6,
2050,res_unknown,allSize,marine,nonCare,North,Flat,40_60pct,4679,0.0,2344.0,2344.0,
2050,res_unknown,allSize,marine,nonCare,North,Flat,60_80pct,4748,0.0162,4008.4,4007.6,54.5
2050,res_unknown,allSize,marine,nonCare,North,Flat,80_100pct,4365,0.0184,34262.4,34132.9,7032.3
2050,res_unknown,allSize,marine,nonCare,North,FlatCool,0_20pct,12577,0.098,1588.5,899.5,7030.3
2050,res_unknown,allSize,marine,nonCare,North,FlatCool,20_40pct,12721,0.0355,3593.2,3377.4,6082.3
2050,res_unknown,allSize,marine,nonCare,North,FlatCool,40_60pct,12527,0.0128,6197.2,6095.4,7930.8
2050,res_unknown,allSize,marine,nonCare,North,FlatCool,60_80pct,11544,0.0872,11665.4,10916.8,8582.6
2050,res_unknown,allSize,marine,nonCare,North,FlatCool,80_100pct,9995,0.3342,32641.5,29669.7,8891.8
2050,res_unknown,allSize,marine,nonCare,North,LateEve,0_20pct,12449,0.358,1178.4,-1215.0,6685.1
2050,res_unknown,allSize,marine,nonCare,North,LateEve,20_40pct,13385,0.3367,4653.4,3100.0,4613.3
2050,res_unknown,allSize,marine,nonCare,North,LateEve,40_60pct,13411,0.2368,8212.7,7000.9,5118.3
2050,res_unknown,allSize,marine,nonCare,North,LateEve,60_80pct,11090,0.088,12308.9,11832.6,5414.8
2050,res_unknown,allSize,marine,nonCare,North,LateEve,80_100pct,8786,0.2936,25938.0,23582.1,8025.4
2050,res_unknown,allSize,marine,nonCare,North,MrnEve,0_20pct,15341,1.0,4937.2,-3336.8,8273.9
2050,res_unknown,allSize,marine,nonCare,North,MrnEve,20_40pct,20180,0.3339,4980.1,3489.1,4465.6
2050,res_unknown,allSize,marine,nonCare,North,MrnEve,40_60pct,19685,0.0863,7244.6,6880.9,4212.3
2050,res_unknown,allSize,marine,nonCare,North,MrnEve,60_80pct,19829,0.2345,9990.4,8816.7,5005.7
2050,res_unknown,allSize,marine,nonCare,North,MrnEve,80_100pct,19056,0.2969,19208.3,16843.2,7965.8
2050,res_unknown,allSize,marine,nonCare,North,NiteFlat,0_20pct,2305,0.0733,335.1,-227.5,7672.8
2050,res_unknown,allSize,marine,nonCare,North,NiteFlat,20_40pct,2884,0.0,296.3,296.3,
2050,res_unknown,allSize,marine,nonCare,North,NiteFlat,40_60pct,2785,0.0,786.2,786.2,
2050,res_unknown,allSize,marine,nonCare,North,NiteFlat,60_80pct,2900,0.0,2051.8,2051.8,
2050,res_unknown,allSize,marine,nonCare,North,NiteFlat,80_100pct,2017,0.0839,23709.8,22926.9,9327.2
2050,res_unknown,allSize,marine,nonCare,North,NitePeak,0_20pct,3093,0.8448,4625.3,-1774.8,7575.9
2050,res_unknown,allSize,marine,nonCare,North,NitePeak,20_40pct,2686,0.7486,8733.8,3612.4,6841.4
2050,res_unknown,allSize,marine,nonCare,North,NitePeak,40_60pct,2156,0.9858,13942.1,8722.8,5294.3
2050,res_unknown,allSize,marine,nonCare,North,NitePeak,60_80pct,1706,0.9772,21159.3,14988.8,6314.4
2050,res_unknown,allSize,marine,nonCare,North,NitePeak,80_100pct,1112,0.6683,27969.4,24052.9,5860.0
